id,date_eco,note
MCC4129,2025-12-21,Observation floraison automatique
MCC4841,2025-11-01,Observation floraison automatique
MCA0268,2025-09-08,Observation floraison automatique
MCC9519,2025-07-07,Observation floraison automatique
MCA6765,2025-11-06,Observation floraison automatique
MCC3441,2025-08-04,Observation floraison automatique
MCC5331,2025-08-27,Observation floraison automatique
MCB0835,2025-09-15,Observation floraison automatique
MCA1247,2025-12-08,Observation floraison automatique
MCC0459,2025-07-11,Observation floraison automatique
MCC0510,2025-10-01,Observation floraison automatique
MCA2087,2025-09-24,Observation floraison automatique
MCB6653,2025-09-12,Observation floraison automatique
MCB8266,2025-06-11,Observation floraison automatique
MCA5646,2025-08-21,Observation floraison automatique
MCB7929,2025-09-30,Observation floraison automatique
MCB9275,2025-06-04,Observation floraison automatique
MCB7404,2025-12-17,Observation floraison automatique
MCC3893,2025-06-30,Observation floraison automatique
MCA0458,2025-07-08,Observation floraison automatique
MCB5117,2025-09-16,Observation floraison automatique
MCA5557,2025-08-16,Observation floraison automatique
MCC8382,2025-08-23,Observation floraison automatique
MCC6193,2025-12-23,Observation floraison automatique
MCA2405,2025-12-11,Observation floraison automatique
MCA7331,2025-12-17,Observation floraison automatique
MCA7946,2025-11-29,Observation floraison automatique
MCB8927,2025-09-13,Observation floraison automatique
MCA7966,2025-09-06,Observation floraison automatique
MCC5388,2025-09-27,Observation floraison automatique
MCB5497,2025-11-19,Observation floraison automatique
MCC0436,2025-09-18,Observation floraison automatique
MCA6109,2025-10-10,Observation floraison automatique
MCB6839,2025-08-17,Observation floraison automatique
MCB0635,2025-10-10,Observation floraison automatique
MCB0869,2025-11-15,Observation floraison automatique
MCB9941,2025-10-03,Observation floraison automatique
MCA0380,2025-08-11,Observation floraison automatique
MCB0263,2025-06-04,Observation floraison automatique
MCA8688,2025-10-22,Observation floraison automatique
MCC4049,2025-07-15,Observation floraison automatique
MCB9637,2025-11-26,Observation floraison automatique
MCC4048,2025-10-13,Observation floraison automatique
MCA2429,2025-09-11,Observation floraison automatique
MCC3469,2025-12-08,Observation floraison automatique
MCA0271,2025-07-11,Observation floraison automatique
MCC3107,2025-09-14,Observation floraison automatique
MCC6240,2025-09-07,Observation floraison automatique
MCC2114,2025-07-21,Observation floraison automatique
MCB1587,2025-06-09,Observation floraison automatique
MCC4834,2025-12-28,Observation floraison automatique
MCC0546,2025-11-16,Observation floraison automatique
MCA5744,2025-07-23,Observation floraison automatique
MCA7285,2025-06-29,Observation floraison automatique
MCC8602,2025-12-22,Observation floraison automatique
MCB2789,2025-08-31,Observation floraison automatique
MCC0896,2025-06-06,Observation floraison automatique
MCC2291,2025-12-27,Observation floraison automatique
MCB0025,2025-06-17,Observation floraison automatique
MCA9919,2025-12-30,Observation floraison automatique
MCC4038,2025-08-06,Observation floraison automatique
MCC2544,2025-10-17,Observation floraison automatique
MCA1298,2025-10-06,Observation floraison automatique
MCC4194,2025-12-26,Observation floraison automatique
MCA1429,2025-10-01,Observation floraison automatique
MCB8222,2025-08-16,Observation floraison automatique
MCC7650,2025-06-25,Observation floraison automatique
MCC3680,2025-09-20,Observation floraison automatique
MCA6840,2025-07-30,Observation floraison automatique
MCB0521,2025-07-09,Observation floraison automatique
MCB3999,2025-06-20,Observation floraison automatique
MCA9565,2025-07-12,Observation floraison automatique
MCC7514,2025-09-09,Observation floraison automatique
MCA0314,2025-10-12,Observation floraison automatique
MCB4583,2025-07-06,Observation floraison automatique
MCC7303,2025-12-07,Observation floraison automatique
MCC0276,2025-11-22,Observation floraison automatique
MCA4213,2025-11-11,Observation floraison automatique
MCC6764,2025-06-25,Observation floraison automatique
MCB0595,2025-12-05,Observation floraison automatique
MCB7997,2025-08-08,Observation floraison automatique
MCA2167,2025-12-17,Observation floraison automatique
MCB1790,2025-10-25,Observation floraison automatique
MCA5183,2025-06-16,Observation floraison automatique
MCA1797,2025-07-30,Observation floraison automatique
MCC6697,2025-09-27,Observation floraison automatique
MCC3634,2025-10-24,Observation floraison automatique
MCA7266,2025-11-27,Observation floraison automatique
MCC9868,2025-10-08,Observation floraison automatique
MCA5829,2025-12-11,Observation floraison automatique
MCB4768,2025-08-01,Observation floraison automatique
MCA0055,2025-10-29,Observation floraison automatique
MCB4364,2025-10-14,Observation floraison automatique
MCB7508,2025-09-04,Observation floraison automatique
MCC9340,2025-06-03,Observation floraison automatique
MCB3504,2025-10-20,Observation floraison automatique
MCC4251,2025-07-01,Observation floraison automatique
MCC5519,2025-06-13,Observation floraison automatique
MCA1538,2025-09-20,Observation floraison automatique
MCA9259,2025-12-29,Observation floraison automatique
MCC0153,2025-10-12,Observation floraison automatique
MCB5159,2025-12-16,Observation floraison automatique
MCB6952,2025-10-11,Observation floraison automatique
MCA6922,2025-10-03,Observation floraison automatique
MCB7618,2025-10-18,Observation floraison automatique
MCA6040,2025-12-02,Observation floraison automatique
MCC9511,2025-12-23,Observation floraison automatique
MCB9977,2025-12-06,Observation floraison automatique
MCC0605,2025-10-13,Observation floraison automatique
MCC3094,2025-06-30,Observation floraison automatique
MCA8196,2025-10-11,Observation floraison automatique
MCC8486,2025-10-01,Observation floraison automatique
MCA2551,2025-11-02,Observation floraison automatique
MCC3356,2025-10-08,Observation floraison automatique
MCA6232,2025-06-18,Observation floraison automatique
MCB8021,2025-08-30,Observation floraison automatique
MCB5781,2025-11-04,Observation floraison automatique
MCB4841,2025-08-23,Observation floraison automatique
MCB6464,2025-09-17,Observation floraison automatique
MCB9072,2025-06-18,Observation floraison automatique
MCC4810,2025-09-29,Observation floraison automatique
MCC8915,2025-11-16,Observation floraison automatique
MCA9756,2025-11-28,Observation floraison automatique
MCB1219,2025-07-25,Observation floraison automatique
MCA9307,2025-09-21,Observation floraison automatique
MCA7287,2025-09-29,Observation floraison automatique
MCC9739,2025-10-16,Observation floraison automatique
MCA0707,2025-07-19,Observation floraison automatique
MCB0662,2025-09-11,Observation floraison automatique
MCB6171,2025-08-10,Observation floraison automatique
MCB6346,2025-09-17,Observation floraison automatique
MCA8353,2025-10-17,Observation floraison automatique
MCA6516,2025-08-12,Observation floraison automatique
MCA7526,2025-10-31,Observation floraison automatique
MCC9450,2025-10-25,Observation floraison automatique
MCC4116,2025-10-21,Observation floraison automatique
MCA2856,2025-06-10,Observation floraison automatique
MCB2907,2025-12-11,Observation floraison automatique
MCC6986,2025-09-12,Observation floraison automatique
MCC8808,2025-09-18,Observation floraison automatique
MCC4869,2025-10-10,Observation floraison automatique
MCC1340,2025-08-04,Observation floraison automatique
MCA6914,2025-07-02,Observation floraison automatique
MCC1714,2025-10-14,Observation floraison automatique
MCC0749,2025-08-08,Observation floraison automatique
MCC5385,2025-11-12,Observation floraison automatique
MCC3283,2025-07-18,Observation floraison automatique
MCB4095,2025-12-04,Observation floraison automatique
MCC0105,2025-06-21,Observation floraison automatique
MCB0300,2025-09-15,Observation floraison automatique
MCA5092,2025-09-28,Observation floraison automatique
MCA6753,2025-08-25,Observation floraison automatique
MCA8740,2025-08-14,Observation floraison automatique
MCB7333,2025-07-18,Observation floraison automatique
MCA5299,2025-07-08,Observation floraison automatique
MCC3251,2025-07-27,Observation floraison automatique
MCA2486,2025-11-18,Observation floraison automatique
MCB5439,2025-08-18,Observation floraison automatique
MCB9178,2025-11-24,Observation floraison automatique
MCC9485,2025-11-16,Observation floraison automatique
MCB9471,2025-10-25,Observation floraison automatique
MCC8645,2025-07-02,Observation floraison automatique
MCA1724,2025-06-30,Observation floraison automatique
MCC3774,2025-08-28,Observation floraison automatique
MCB9969,2025-12-28,Observation floraison automatique
MCA4590,2025-08-12,Observation floraison automatique
MCA1687,2025-10-18,Observation floraison automatique
MCA4932,2025-12-25,Observation floraison automatique
MCB9373,2025-10-17,Observation floraison automatique
MCA7866,2025-10-09,Observation floraison automatique
MCA1821,2025-06-05,Observation floraison automatique
MCB3534,2025-10-04,Observation floraison automatique
MCA3247,2025-06-29,Observation floraison automatique
MCB8718,2025-10-28,Observation floraison automatique
MCC8181,2025-10-01,Observation floraison automatique
MCA2289,2025-06-20,Observation floraison automatique
MCB1033,2025-10-07,Observation floraison automatique
MCC3433,2025-06-07,Observation floraison automatique
MCC0461,2025-12-15,Observation floraison automatique
MCB6868,2025-06-09,Observation floraison automatique
MCA8853,2025-07-16,Observation floraison automatique
MCA3474,2025-06-27,Observation floraison automatique
MCC3415,2025-09-11,Observation floraison automatique
MCC5870,2025-12-14,Observation floraison automatique
MCC0180,2025-10-31,Observation floraison automatique
MCA5358,2025-11-03,Observation floraison automatique
MCB6465,2025-09-04,Observation floraison automatique
MCB0757,2025-12-29,Observation floraison automatique
MCB7317,2025-06-14,Observation floraison automatique
MCB0368,2025-10-11,Observation floraison automatique
MCA4752,2025-10-17,Observation floraison automatique
MCC3338,2025-11-04,Observation floraison automatique
MCB6454,2025-10-30,Observation floraison automatique
MCC9647,2025-12-30,Observation floraison automatique
MCA0491,2025-09-29,Observation floraison automatique
MCB5215,2025-10-23,Observation floraison automatique
MCC8311,2025-08-03,Observation floraison automatique
MCB7645,2025-10-21,Observation floraison automatique
MCB3112,2025-10-30,Observation floraison automatique
MCA4284,2025-06-07,Observation floraison automatique
MCC7659,2025-09-12,Observation floraison automatique
MCB1932,2025-09-19,Observation floraison automatique
MCC2923,2025-07-01,Observation floraison automatique
MCB5441,2025-07-17,Observation floraison automatique
MCA6892,2025-09-11,Observation floraison automatique
MCC0207,2025-08-23,Observation floraison automatique
MCA4796,2025-07-18,Observation floraison automatique
MCB1214,2025-12-05,Observation floraison automatique
MCC9676,2025-12-18,Observation floraison automatique
MCA1401,2025-11-19,Observation floraison automatique
MCC5661,2025-09-11,Observation floraison automatique
MCC0827,2025-11-28,Observation floraison automatique
MCC8719,2025-09-28,Observation floraison automatique
MCC7220,2025-10-24,Observation floraison automatique
MCB2520,2025-07-02,Observation floraison automatique
MCA7833,2025-12-15,Observation floraison automatique
MCC7701,2025-07-25,Observation floraison automatique
MCC7865,2025-11-04,Observation floraison automatique
MCB6360,2025-11-17,Observation floraison automatique
MCB1168,2025-10-04,Observation floraison automatique
MCA8625,2025-07-17,Observation floraison automatique
MCC4229,2025-11-15,Observation floraison automatique
MCB9568,2025-12-15,Observation floraison automatique
MCC0263,2025-07-15,Observation floraison automatique
MCA8298,2025-06-24,Observation floraison automatique
MCA5102,2025-10-21,Observation floraison automatique
MCA7575,2025-11-14,Observation floraison automatique
MCC8417,2025-11-14,Observation floraison automatique
MCC3099,2025-07-30,Observation floraison automatique
MCA6546,2025-10-21,Observation floraison automatique
MCA6054,2025-11-18,Observation floraison automatique
MCB6177,2025-07-05,Observation floraison automatique
MCA9489,2025-10-14,Observation floraison automatique
MCA2888,2025-12-19,Observation floraison automatique
MCC0477,2025-08-09,Observation floraison automatique
MCC1874,2025-09-02,Observation floraison automatique
MCC6444,2025-11-14,Observation floraison automatique
MCA9470,2025-11-26,Observation floraison automatique
MCC2201,2025-10-14,Observation floraison automatique
MCC1968,2025-11-27,Observation floraison automatique
MCB8678,2025-09-26,Observation floraison automatique
MCA6586,2025-10-20,Observation floraison automatique
MCB8471,2025-09-02,Observation floraison automatique
MCC1070,2025-10-16,Observation floraison automatique
MCC8215,2025-12-06,Observation floraison automatique
MCB1132,2025-10-14,Observation floraison automatique
MCC1358,2025-10-21,Observation floraison automatique
MCC6544,2025-09-13,Observation floraison automatique
MCB0943,2025-09-10,Observation floraison automatique
MCB6314,2025-11-16,Observation floraison automatique
MCA2221,2025-10-25,Observation floraison automatique
MCB0623,2025-09-17,Observation floraison automatique
MCB4022,2025-10-28,Observation floraison automatique
MCC6461,2025-09-29,Observation floraison automatique
MCA3411,2025-06-26,Observation floraison automatique
MCB9943,2025-08-19,Observation floraison automatique
MCB5240,2025-08-23,Observation floraison automatique
MCC4510,2025-11-11,Observation floraison automatique
MCB2346,2025-12-25,Observation floraison automatique
MCB2241,2025-09-04,Observation floraison automatique
MCA8384,2025-06-15,Observation floraison automatique
MCB2565,2025-09-03,Observation floraison automatique
MCC0331,2025-06-21,Observation floraison automatique
MCA9707,2025-11-17,Observation floraison automatique
MCC5056,2025-06-20,Observation floraison automatique
MCC5486,2025-10-23,Observation floraison automatique
MCA1517,2025-11-04,Observation floraison automatique
MCC4162,2025-07-01,Observation floraison automatique
MCC7968,2025-06-01,Observation floraison automatique
MCC4138,2025-12-28,Observation floraison automatique
MCA1063,2025-09-02,Observation floraison automatique
MCA4491,2025-06-27,Observation floraison automatique
MCC2980,2025-12-09,Observation floraison automatique
MCB1565,2025-08-11,Observation floraison automatique
MCA1161,2025-11-27,Observation floraison automatique
MCB8437,2025-11-01,Observation floraison automatique
MCC2134,2025-11-14,Observation floraison automatique
MCC1224,2025-09-21,Observation floraison automatique
MCB5904,2025-06-01,Observation floraison automatique
MCC3174,2025-11-04,Observation floraison automatique
MCC0427,2025-07-26,Observation floraison automatique
MCB2339,2025-12-10,Observation floraison automatique
MCC9443,2025-09-12,Observation floraison automatique
MCB9038,2025-08-01,Observation floraison automatique
MCB1789,2025-09-29,Observation floraison automatique
MCA4336,2025-10-21,Observation floraison automatique
MCA4818,2025-11-05,Observation floraison automatique
MCB9528,2025-09-09,Observation floraison automatique
MCB4091,2025-09-01,Observation floraison automatique
MCC0809,2025-08-27,Observation floraison automatique
MCC2734,2025-12-10,Observation floraison automatique
MCA9388,2025-07-17,Observation floraison automatique
MCA5286,2025-06-08,Observation floraison automatique
MCA9989,2025-07-31,Observation floraison automatique
MCB0106,2025-11-06,Observation floraison automatique
MCB2857,2025-11-15,Observation floraison automatique
MCC9032,2025-06-26,Observation floraison automatique
MCB2555,2025-11-20,Observation floraison automatique
MCC0407,2025-08-04,Observation floraison automatique
MCC3025,2025-12-11,Observation floraison automatique
MCC4898,2025-09-19,Observation floraison automatique
MCC0340,2025-07-31,Observation floraison automatique
MCB8245,2025-06-03,Observation floraison automatique
MCC7951,2025-07-07,Observation floraison automatique
MCA1926,2025-10-25,Observation floraison automatique
MCC3572,2025-11-21,Observation floraison automatique
MCC6017,2025-08-01,Observation floraison automatique
MCA2524,2025-10-04,Observation floraison automatique
MCC2169,2025-11-16,Observation floraison automatique
MCB0816,2025-06-11,Observation floraison automatique
MCA3573,2025-07-14,Observation floraison automatique
MCB9351,2025-10-19,Observation floraison automatique
MCB7867,2025-08-20,Observation floraison automatique
MCB0525,2025-12-25,Observation floraison automatique
MCA5032,2025-09-26,Observation floraison automatique
MCB8003,2025-06-13,Observation floraison automatique
MCB0622,2025-08-14,Observation floraison automatique
MCC6060,2025-10-16,Observation floraison automatique
MCC7729,2025-11-07,Observation floraison automatique
MCB7154,2025-12-02,Observation floraison automatique
MCB6498,2025-06-26,Observation floraison automatique
MCC4109,2025-11-16,Observation floraison automatique
MCA4592,2025-09-10,Observation floraison automatique
MCA0666,2025-06-16,Observation floraison automatique
MCB2410,2025-08-24,Observation floraison automatique
MCA7121,2025-06-12,Observation floraison automatique
MCA1931,2025-09-04,Observation floraison automatique
MCC0530,2025-08-04,Observation floraison automatique
MCB0305,2025-06-11,Observation floraison automatique
MCA3394,2025-06-29,Observation floraison automatique
MCB9660,2025-09-17,Observation floraison automatique
MCB6954,2025-11-04,Observation floraison automatique
MCB1749,2025-10-26,Observation floraison automatique
MCA0649,2025-06-10,Observation floraison automatique
MCA8918,2025-09-03,Observation floraison automatique
MCB5539,2025-12-06,Observation floraison automatique
MCA4064,2025-06-15,Observation floraison automatique
MCA6259,2025-07-13,Observation floraison automatique
MCC6144,2025-09-21,Observation floraison automatique
MCA9599,2025-11-08,Observation floraison automatique
MCB6490,2025-08-04,Observation floraison automatique
MCB3174,2025-12-18,Observation floraison automatique
MCA1731,2025-07-26,Observation floraison automatique
MCA8583,2025-07-18,Observation floraison automatique
MCB6698,2025-11-05,Observation floraison automatique
MCB5963,2025-06-10,Observation floraison automatique
MCA7782,2025-10-12,Observation floraison automatique
MCA1431,2025-10-02,Observation floraison automatique
MCA0705,2025-08-10,Observation floraison automatique
MCC2254,2025-11-09,Observation floraison automatique
MCB5121,2025-09-26,Observation floraison automatique
MCC3057,2025-12-15,Observation floraison automatique
MCA8034,2025-06-24,Observation floraison automatique
MCC2049,2025-12-24,Observation floraison automatique
MCB0545,2025-10-13,Observation floraison automatique
MCA1309,2025-07-26,Observation floraison automatique
MCC2297,2025-06-30,Observation floraison automatique
MCB9464,2025-08-10,Observation floraison automatique
MCC2638,2025-07-01,Observation floraison automatique
MCA1213,2025-12-01,Observation floraison automatique
MCC6087,2025-10-08,Observation floraison automatique
MCC8521,2025-08-21,Observation floraison automatique
MCC2101,2025-11-26,Observation floraison automatique
MCC8609,2025-11-21,Observation floraison automatique
MCA0077,2025-12-09,Observation floraison automatique
MCB5625,2025-11-19,Observation floraison automatique
MCC0904,2025-06-05,Observation floraison automatique
MCC8039,2025-11-12,Observation floraison automatique
MCA7532,2025-09-10,Observation floraison automatique
MCC9589,2025-08-22,Observation floraison automatique
MCA7421,2025-10-21,Observation floraison automatique
MCC7574,2025-09-15,Observation floraison automatique
MCC9174,2025-06-20,Observation floraison automatique
MCC0146,2025-08-11,Observation floraison automatique
MCB1328,2025-09-18,Observation floraison automatique
MCA7580,2025-08-18,Observation floraison automatique
MCA6272,2025-08-26,Observation floraison automatique
MCA2491,2025-09-09,Observation floraison automatique
MCC9390,2025-11-01,Observation floraison automatique
MCC7221,2025-12-15,Observation floraison automatique
MCA7818,2025-10-30,Observation floraison automatique
MCB1814,2025-11-02,Observation floraison automatique
MCB6884,2025-07-26,Observation floraison automatique
MCB2487,2025-07-13,Observation floraison automatique
MCB8783,2025-09-01,Observation floraison automatique
MCA8744,2025-09-23,Observation floraison automatique
MCC2653,2025-12-18,Observation floraison automatique
MCB3632,2025-06-15,Observation floraison automatique
MCB1519,2025-11-27,Observation floraison automatique
MCC7699,2025-09-04,Observation floraison automatique
MCC7513,2025-09-19,Observation floraison automatique
MCC1310,2025-07-15,Observation floraison automatique
MCB7913,2025-07-28,Observation floraison automatique
MCB7065,2025-09-13,Observation floraison automatique
MCC0389,2025-09-24,Observation floraison automatique
MCC9522,2025-09-13,Observation floraison automatique
MCC8662,2025-09-26,Observation floraison automatique
MCC1294,2025-10-12,Observation floraison automatique
MCA1458,2025-10-14,Observation floraison automatique
MCB0077,2025-09-04,Observation floraison automatique
MCB8451,2025-06-22,Observation floraison automatique
MCB1979,2025-07-03,Observation floraison automatique
MCB2326,2025-12-01,Observation floraison automatique
MCA8037,2025-08-11,Observation floraison automatique
MCB2572,2025-12-29,Observation floraison automatique
MCB7998,2025-11-06,Observation floraison automatique
MCC0152,2025-10-14,Observation floraison automatique
MCA5946,2025-11-01,Observation floraison automatique
MCB0676,2025-12-04,Observation floraison automatique
MCB4847,2025-08-12,Observation floraison automatique
MCA2291,2025-12-18,Observation floraison automatique
MCA2373,2025-06-16,Observation floraison automatique
MCB5525,2025-11-18,Observation floraison automatique
MCC9057,2025-06-19,Observation floraison automatique
MCB2974,2025-06-12,Observation floraison automatique
MCB4328,2025-11-24,Observation floraison automatique
MCC1704,2025-11-02,Observation floraison automatique
MCA6740,2025-08-18,Observation floraison automatique
MCA5362,2025-06-30,Observation floraison automatique
MCB5832,2025-10-28,Observation floraison automatique
MCB5611,2025-06-29,Observation floraison automatique
MCA6300,2025-12-10,Observation floraison automatique
MCC7696,2025-07-04,Observation floraison automatique
MCC3698,2025-08-13,Observation floraison automatique
MCA9266,2025-06-19,Observation floraison automatique
MCC2831,2025-12-28,Observation floraison automatique
MCC3337,2025-06-30,Observation floraison automatique
MCC9549,2025-07-29,Observation floraison automatique
MCC3406,2025-09-30,Observation floraison automatique
MCA5227,2025-08-30,Observation floraison automatique
MCA2402,2025-12-30,Observation floraison automatique
MCC5070,2025-08-15,Observation floraison automatique
MCB8530,2025-09-02,Observation floraison automatique
MCC6279,2025-12-06,Observation floraison automatique
MCB8758,2025-11-25,Observation floraison automatique
MCC6479,2025-10-25,Observation floraison automatique
MCC4787,2025-09-17,Observation floraison automatique
MCB9947,2025-10-08,Observation floraison automatique
MCC2786,2025-09-05,Observation floraison automatique
MCA8708,2025-10-06,Observation floraison automatique
MCC2554,2025-12-27,Observation floraison automatique
MCA7422,2025-07-27,Observation floraison automatique
MCC5833,2025-10-07,Observation floraison automatique
MCA4046,2025-06-25,Observation floraison automatique
MCB7047,2025-11-11,Observation floraison automatique
MCB9842,2025-12-22,Observation floraison automatique
MCC4088,2025-06-16,Observation floraison automatique
MCC5337,2025-06-28,Observation floraison automatique
MCC2288,2025-06-26,Observation floraison automatique
MCA6959,2025-09-23,Observation floraison automatique
MCB2928,2025-12-18,Observation floraison automatique
MCC1671,2025-09-20,Observation floraison automatique
MCA1346,2025-11-04,Observation floraison automatique
MCA2430,2025-07-07,Observation floraison automatique
MCA1375,2025-07-16,Observation floraison automatique
MCC1235,2025-10-04,Observation floraison automatique
MCB9501,2025-06-30,Observation floraison automatique
MCA6238,2025-10-05,Observation floraison automatique
MCB6600,2025-08-05,Observation floraison automatique
MCA0579,2025-08-14,Observation floraison automatique
MCA2109,2025-12-11,Observation floraison automatique
MCB8990,2025-08-11,Observation floraison automatique
MCC5430,2025-11-28,Observation floraison automatique
MCC5292,2025-10-14,Observation floraison automatique
MCA0210,2025-11-12,Observation floraison automatique
MCB3252,2025-12-02,Observation floraison automatique
MCA4695,2025-09-08,Observation floraison automatique
MCB9620,2025-07-02,Observation floraison automatique
MCC1900,2025-07-29,Observation floraison automatique
MCB7029,2025-07-11,Observation floraison automatique
MCB2531,2025-08-31,Observation floraison automatique
MCB3743,2025-10-09,Observation floraison automatique
MCA0245,2025-12-27,Observation floraison automatique
MCC8476,2025-11-08,Observation floraison automatique
MCA2146,2025-08-05,Observation floraison automatique
MCB6324,2025-12-23,Observation floraison automatique
MCA6035,2025-09-26,Observation floraison automatique
MCA3138,2025-12-05,Observation floraison automatique
MCB1062,2025-08-06,Observation floraison automatique
MCB6238,2025-10-20,Observation floraison automatique
MCC1954,2025-10-16,Observation floraison automatique
MCC2384,2025-06-26,Observation floraison automatique
MCB2310,2025-11-13,Observation floraison automatique
MCC5516,2025-08-22,Observation floraison automatique
MCA8528,2025-07-24,Observation floraison automatique
MCB4096,2025-07-15,Observation floraison automatique
MCC5958,2025-11-11,Observation floraison automatique
MCB1341,2025-06-14,Observation floraison automatique
MCA8951,2025-11-27,Observation floraison automatique
MCC8982,2025-10-29,Observation floraison automatique
MCA8491,2025-08-09,Observation floraison automatique
MCC6486,2025-07-31,Observation floraison automatique
MCB8940,2025-11-12,Observation floraison automatique
MCC5308,2025-09-06,Observation floraison automatique
MCC2089,2025-10-06,Observation floraison automatique
MCA8664,2025-08-05,Observation floraison automatique
MCC7620,2025-12-30,Observation floraison automatique
MCB6039,2025-12-21,Observation floraison automatique
MCC5186,2025-09-07,Observation floraison automatique
MCC2433,2025-06-27,Observation floraison automatique
MCA6435,2025-07-15,Observation floraison automatique
MCC8002,2025-11-28,Observation floraison automatique
MCB4750,2025-07-12,Observation floraison automatique
MCC6632,2025-09-02,Observation floraison automatique
MCB6878,2025-07-04,Observation floraison automatique
MCA7520,2025-10-15,Observation floraison automatique
MCC2157,2025-09-20,Observation floraison automatique
MCC0574,2025-07-13,Observation floraison automatique
MCB2140,2025-06-17,Observation floraison automatique
MCA3957,2025-06-02,Observation floraison automatique
MCB0162,2025-07-21,Observation floraison automatique
MCC5370,2025-12-11,Observation floraison automatique
MCB0680,2025-12-01,Observation floraison automatique
MCC8594,2025-06-06,Observation floraison automatique
MCA3364,2025-09-13,Observation floraison automatique
MCB7824,2025-08-14,Observation floraison automatique
MCA9412,2025-12-10,Observation floraison automatique
MCC1650,2025-07-05,Observation floraison automatique
MCB9673,2025-08-03,Observation floraison automatique
MCB8866,2025-08-24,Observation floraison automatique
MCA3182,2025-07-01,Observation floraison automatique
MCB3799,2025-09-24,Observation floraison automatique
MCB2619,2025-09-06,Observation floraison automatique
MCA0040,2025-11-09,Observation floraison automatique
MCA1011,2025-09-23,Observation floraison automatique
MCA3189,2025-08-03,Observation floraison automatique
MCA9248,2025-08-14,Observation floraison automatique
MCB0717,2025-07-01,Observation floraison automatique
MCC9221,2025-08-28,Observation floraison automatique
MCB9886,2025-07-07,Observation floraison automatique
MCA3329,2025-07-18,Observation floraison automatique
MCA2822,2025-12-14,Observation floraison automatique
MCA6289,2025-08-06,Observation floraison automatique
MCB2666,2025-06-20,Observation floraison automatique
MCC1964,2025-09-19,Observation floraison automatique
MCB5200,2025-08-17,Observation floraison automatique
MCB2570,2025-12-29,Observation floraison automatique
MCA9859,2025-12-05,Observation floraison automatique
MCA6595,2025-07-17,Observation floraison automatique
MCB3369,2025-06-20,Observation floraison automatique
MCA3765,2025-12-11,Observation floraison automatique
MCC1200,2025-11-13,Observation floraison automatique
MCA0371,2025-08-05,Observation floraison automatique
MCA2343,2025-09-05,Observation floraison automatique
MCB9768,2025-06-05,Observation floraison automatique
MCB6529,2025-06-16,Observation floraison automatique
MCB1154,2025-12-13,Observation floraison automatique
MCA2324,2025-09-18,Observation floraison automatique
MCB3483,2025-12-15,Observation floraison automatique
MCB5193,2025-06-17,Observation floraison automatique
MCC6039,2025-08-23,Observation floraison automatique
MCA2202,2025-11-23,Observation floraison automatique
MCB8575,2025-11-01,Observation floraison automatique
MCB4425,2025-08-28,Observation floraison automatique
MCB6448,2025-06-15,Observation floraison automatique
MCC4173,2025-09-23,Observation floraison automatique
MCC3654,2025-11-02,Observation floraison automatique
MCB7370,2025-11-12,Observation floraison automatique
MCB7124,2025-12-07,Observation floraison automatique
MCA8978,2025-08-10,Observation floraison automatique
MCC3591,2025-07-28,Observation floraison automatique
MCB5264,2025-10-23,Observation floraison automatique
MCC9125,2025-09-11,Observation floraison automatique
MCB2639,2025-12-04,Observation floraison automatique
MCA9906,2025-11-15,Observation floraison automatique
MCB3351,2025-09-08,Observation floraison automatique
MCA1226,2025-11-01,Observation floraison automatique
MCC8369,2025-06-13,Observation floraison automatique
MCB5070,2025-12-07,Observation floraison automatique
MCC1544,2025-09-25,Observation floraison automatique
MCC9916,2025-12-07,Observation floraison automatique
MCC9255,2025-07-17,Observation floraison automatique
MCB4211,2025-12-28,Observation floraison automatique
MCC1789,2025-10-29,Observation floraison automatique
MCA9815,2025-12-01,Observation floraison automatique
MCA0207,2025-09-11,Observation floraison automatique
MCC8644,2025-06-11,Observation floraison automatique
MCB2188,2025-09-08,Observation floraison automatique
MCB4007,2025-06-20,Observation floraison automatique
MCA3006,2025-06-02,Observation floraison automatique
MCA2711,2025-08-10,Observation floraison automatique
MCA4057,2025-11-17,Observation floraison automatique
MCB6927,2025-07-15,Observation floraison automatique
MCA1626,2025-12-29,Observation floraison automatique
MCA9868,2025-10-03,Observation floraison automatique
MCB0774,2025-08-10,Observation floraison automatique
MCC6359,2025-11-28,Observation floraison automatique
MCA1690,2025-06-01,Observation floraison automatique
MCB3513,2025-12-25,Observation floraison automatique
MCA2725,2025-07-14,Observation floraison automatique
MCC8461,2025-10-03,Observation floraison automatique
MCB3782,2025-10-04,Observation floraison automatique
MCA0362,2025-12-15,Observation floraison automatique
MCB8620,2025-10-25,Observation floraison automatique
MCA3760,2025-12-12,Observation floraison automatique
MCC9788,2025-07-15,Observation floraison automatique
MCB7523,2025-08-29,Observation floraison automatique
MCB7355,2025-08-26,Observation floraison automatique
MCB6614,2025-12-02,Observation floraison automatique
MCB4313,2025-06-01,Observation floraison automatique
MCC1411,2025-07-20,Observation floraison automatique
MCC2381,2025-08-16,Observation floraison automatique
MCB4212,2025-08-19,Observation floraison automatique
MCC1324,2025-09-01,Observation floraison automatique
MCB3779,2025-12-15,Observation floraison automatique
MCA9683,2025-11-09,Observation floraison automatique
MCC8269,2025-10-27,Observation floraison automatique
MCB8897,2025-06-19,Observation floraison automatique
MCA7074,2025-12-25,Observation floraison automatique
MCA3966,2025-10-22,Observation floraison automatique
MCA9818,2025-08-13,Observation floraison automatique
MCB0148,2025-12-04,Observation floraison automatique
MCC5857,2025-09-12,Observation floraison automatique
MCC4391,2025-11-26,Observation floraison automatique
MCA0466,2025-12-05,Observation floraison automatique
MCA3741,2025-07-23,Observation floraison automatique
MCA6571,2025-12-08,Observation floraison automatique
MCB9239,2025-10-18,Observation floraison automatique
MCA4113,2025-08-31,Observation floraison automatique
MCA8272,2025-11-17,Observation floraison automatique
MCB6980,2025-08-05,Observation floraison automatique
MCC5564,2025-07-02,Observation floraison automatique
MCA0992,2025-07-23,Observation floraison automatique
MCC5939,2025-06-01,Observation floraison automatique
MCC3187,2025-08-21,Observation floraison automatique
MCC2257,2025-10-10,Observation floraison automatique
MCC3911,2025-12-08,Observation floraison automatique
MCB0276,2025-10-10,Observation floraison automatique
MCC6612,2025-06-17,Observation floraison automatique
MCA8921,2025-11-02,Observation floraison automatique
MCB7057,2025-12-22,Observation floraison automatique
MCC9698,2025-06-03,Observation floraison automatique
MCA3878,2025-09-10,Observation floraison automatique
MCB1560,2025-06-02,Observation floraison automatique
MCC3756,2025-10-01,Observation floraison automatique
MCA6972,2025-07-25,Observation floraison automatique
MCB3961,2025-10-02,Observation floraison automatique
MCA9244,2025-12-03,Observation floraison automatique
MCA7869,2025-08-07,Observation floraison automatique
MCB2998,2025-10-03,Observation floraison automatique
MCA2496,2025-12-22,Observation floraison automatique
MCC1965,2025-06-07,Observation floraison automatique
MCC7695,2025-06-06,Observation floraison automatique
MCA2724,2025-08-21,Observation floraison automatique
MCC8866,2025-10-02,Observation floraison automatique
MCB9345,2025-06-25,Observation floraison automatique
MCA5574,2025-09-01,Observation floraison automatique
MCB9925,2025-08-08,Observation floraison automatique
MCA2915,2025-09-25,Observation floraison automatique
MCC7641,2025-08-03,Observation floraison automatique
MCA1570,2025-09-02,Observation floraison automatique
MCB7026,2025-12-27,Observation floraison automatique
MCB8390,2025-07-04,Observation floraison automatique
MCB2813,2025-09-19,Observation floraison automatique
MCA7706,2025-12-24,Observation floraison automatique
MCB2309,2025-11-10,Observation floraison automatique
MCB4054,2025-12-10,Observation floraison automatique
MCA1696,2025-12-20,Observation floraison automatique
MCC6586,2025-10-06,Observation floraison automatique
MCB9060,2025-06-14,Observation floraison automatique
MCB3550,2025-12-10,Observation floraison automatique
MCB2274,2025-06-27,Observation floraison automatique
MCA9510,2025-06-04,Observation floraison automatique
MCB8770,2025-07-08,Observation floraison automatique
MCC8467,2025-06-19,Observation floraison automatique
MCA9886,2025-06-01,Observation floraison automatique
MCC2395,2025-09-10,Observation floraison automatique
MCC9499,2025-09-16,Observation floraison automatique
MCA7434,2025-06-08,Observation floraison automatique
MCC3795,2025-11-12,Observation floraison automatique
MCB7077,2025-08-01,Observation floraison automatique
MCA0650,2025-07-10,Observation floraison automatique
MCB9572,2025-12-22,Observation floraison automatique
MCB8667,2025-09-05,Observation floraison automatique
MCB5461,2025-11-15,Observation floraison automatique
MCC7349,2025-07-19,Observation floraison automatique
MCC4130,2025-08-27,Observation floraison automatique
MCA8417,2025-11-28,Observation floraison automatique
MCA6767,2025-09-03,Observation floraison automatique
MCC2019,2025-12-30,Observation floraison automatique
MCB0968,2025-08-20,Observation floraison automatique
MCA2239,2025-07-26,Observation floraison automatique
MCA8305,2025-10-30,Observation floraison automatique
MCC8551,2025-11-14,Observation floraison automatique
MCA3198,2025-11-18,Observation floraison automatique
MCB3937,2025-12-15,Observation floraison automatique
MCC4335,2025-08-24,Observation floraison automatique
MCB9484,2025-12-07,Observation floraison automatique
MCC8462,2025-08-17,Observation floraison automatique
MCA2317,2025-07-12,Observation floraison automatique
MCB3166,2025-06-24,Observation floraison automatique
MCB6870,2025-09-23,Observation floraison automatique
MCC3586,2025-06-15,Observation floraison automatique
MCA4258,2025-07-05,Observation floraison automatique
MCA9958,2025-11-29,Observation floraison automatique
MCB0624,2025-07-27,Observation floraison automatique
MCC8408,2025-10-13,Observation floraison automatique
MCB4519,2025-12-15,Observation floraison automatique
MCB2143,2025-10-20,Observation floraison automatique
MCB2194,2025-10-23,Observation floraison automatique
MCA8564,2025-08-05,Observation floraison automatique
MCB8282,2025-07-15,Observation floraison automatique
MCB5818,2025-10-03,Observation floraison automatique
MCA0676,2025-06-05,Observation floraison automatique
MCA5596,2025-12-01,Observation floraison automatique
MCB4128,2025-11-01,Observation floraison automatique
MCB6677,2025-09-08,Observation floraison automatique
MCB7892,2025-08-04,Observation floraison automatique
MCB1102,2025-11-04,Observation floraison automatique
MCA9350,2025-08-15,Observation floraison automatique
MCC0653,2025-08-26,Observation floraison automatique
MCC4521,2025-09-01,Observation floraison automatique
MCC5291,2025-07-22,Observation floraison automatique
MCB1517,2025-10-17,Observation floraison automatique
MCC6509,2025-12-24,Observation floraison automatique
MCC5252,2025-12-19,Observation floraison automatique
MCB0497,2025-10-01,Observation floraison automatique
MCB6589,2025-06-07,Observation floraison automatique
MCA9602,2025-08-16,Observation floraison automatique
MCC6342,2025-06-27,Observation floraison automatique
MCC5035,2025-10-08,Observation floraison automatique
MCC8325,2025-08-27,Observation floraison automatique
MCB0647,2025-07-20,Observation floraison automatique
MCC0347,2025-12-09,Observation floraison automatique
MCC1447,2025-12-07,Observation floraison automatique
MCC8264,2025-06-23,Observation floraison automatique
MCA7095,2025-09-30,Observation floraison automatique
MCB3933,2025-06-22,Observation floraison automatique
MCC5961,2025-11-16,Observation floraison automatique
MCA2013,2025-08-10,Observation floraison automatique
MCA6469,2025-07-03,Observation floraison automatique
MCB1846,2025-11-10,Observation floraison automatique
MCA8099,2025-09-03,Observation floraison automatique
MCC6648,2025-06-26,Observation floraison automatique
MCA1491,2025-09-26,Observation floraison automatique
MCA9536,2025-12-25,Observation floraison automatique
MCB2683,2025-06-25,Observation floraison automatique
MCC7745,2025-10-23,Observation floraison automatique
MCC2018,2025-10-24,Observation floraison automatique
MCC7673,2025-12-01,Observation floraison automatique
MCA0743,2025-11-06,Observation floraison automatique
MCA9620,2025-09-02,Observation floraison automatique
MCB2959,2025-09-18,Observation floraison automatique
MCB5809,2025-11-11,Observation floraison automatique
MCA8088,2025-12-21,Observation floraison automatique
MCB3214,2025-10-23,Observation floraison automatique
MCB7003,2025-08-02,Observation floraison automatique
MCC8313,2025-12-20,Observation floraison automatique
MCA4360,2025-09-29,Observation floraison automatique
MCC5736,2025-08-31,Observation floraison automatique
MCC9639,2025-07-24,Observation floraison automatique
MCB0295,2025-11-17,Observation floraison automatique
MCB8916,2025-06-29,Observation floraison automatique
MCB3398,2025-09-22,Observation floraison automatique
MCC8886,2025-12-03,Observation floraison automatique
MCB1689,2025-10-22,Observation floraison automatique
MCC7915,2025-10-20,Observation floraison automatique
MCB5093,2025-11-09,Observation floraison automatique
MCC1796,2025-12-08,Observation floraison automatique
MCC0878,2025-10-12,Observation floraison automatique
MCB1064,2025-12-02,Observation floraison automatique
MCA6551,2025-06-28,Observation floraison automatique
MCC3287,2025-08-01,Observation floraison automatique
MCC4210,2025-11-28,Observation floraison automatique
MCB1809,2025-08-25,Observation floraison automatique
MCB8117,2025-08-23,Observation floraison automatique
MCA3325,2025-06-24,Observation floraison automatique
MCB5248,2025-06-25,Observation floraison automatique
MCB8420,2025-09-22,Observation floraison automatique
MCA8665,2025-12-17,Observation floraison automatique
MCC6190,2025-10-14,Observation floraison automatique
MCC4565,2025-11-15,Observation floraison automatique
MCA6794,2025-07-09,Observation floraison automatique
MCA4574,2025-09-28,Observation floraison automatique
MCA4207,2025-10-28,Observation floraison automatique
MCB5977,2025-07-03,Observation floraison automatique
MCC7633,2025-06-07,Observation floraison automatique
MCC6467,2025-08-09,Observation floraison automatique
MCA2068,2025-06-25,Observation floraison automatique
MCB1400,2025-08-05,Observation floraison automatique
MCB5066,2025-10-29,Observation floraison automatique
MCA2626,2025-06-19,Observation floraison automatique
MCC3927,2025-11-27,Observation floraison automatique
MCB8752,2025-09-18,Observation floraison automatique
MCB9537,2025-11-14,Observation floraison automatique
MCB1355,2025-08-28,Observation floraison automatique
MCB7318,2025-09-15,Observation floraison automatique
MCC5718,2025-07-11,Observation floraison automatique
MCC1698,2025-09-23,Observation floraison automatique
MCA0322,2025-08-08,Observation floraison automatique
MCA9799,2025-11-18,Observation floraison automatique
MCA5110,2025-12-28,Observation floraison automatique
MCC5402,2025-09-11,Observation floraison automatique
MCA8526,2025-10-02,Observation floraison automatique
MCA5749,2025-06-21,Observation floraison automatique
MCA9200,2025-12-10,Observation floraison automatique
MCB3713,2025-06-10,Observation floraison automatique
MCB0846,2025-06-28,Observation floraison automatique
MCC8247,2025-06-29,Observation floraison automatique
MCA1861,2025-06-16,Observation floraison automatique
MCC2838,2025-09-29,Observation floraison automatique
MCA4678,2025-06-14,Observation floraison automatique
MCC8034,2025-09-01,Observation floraison automatique
MCC9129,2025-12-19,Observation floraison automatique
MCA1440,2025-08-09,Observation floraison automatique
MCA7157,2025-07-14,Observation floraison automatique
MCB6275,2025-10-16,Observation floraison automatique
MCA5354,2025-10-10,Observation floraison automatique
MCC1185,2025-10-13,Observation floraison automatique
MCB7363,2025-07-01,Observation floraison automatique
MCB0803,2025-07-16,Observation floraison automatique
MCB4971,2025-08-04,Observation floraison automatique
MCA7867,2025-06-03,Observation floraison automatique
MCA4865,2025-08-29,Observation floraison automatique
MCC2887,2025-06-15,Observation floraison automatique
MCB6406,2025-08-11,Observation floraison automatique
MCB6245,2025-07-06,Observation floraison automatique
MCC4564,2025-09-05,Observation floraison automatique
MCB1802,2025-11-03,Observation floraison automatique
MCC7901,2025-11-24,Observation floraison automatique
MCC6201,2025-11-20,Observation floraison automatique
MCC0833,2025-11-10,Observation floraison automatique
MCA5839,2025-09-07,Observation floraison automatique
MCB8459,2025-07-14,Observation floraison automatique
MCB3520,2025-07-09,Observation floraison automatique
MCA1142,2025-08-10,Observation floraison automatique
MCB9981,2025-12-12,Observation floraison automatique
MCA4087,2025-09-24,Observation floraison automatique
MCA6716,2025-10-23,Observation floraison automatique
MCA9239,2025-09-21,Observation floraison automatique
MCC2964,2025-11-28,Observation floraison automatique
MCA9365,2025-10-04,Observation floraison automatique
MCC8921,2025-06-11,Observation floraison automatique
MCC3585,2025-07-10,Observation floraison automatique
MCA4210,2025-08-05,Observation floraison automatique
MCB7931,2025-09-01,Observation floraison automatique
MCC8908,2025-06-30,Observation floraison automatique
MCA9301,2025-12-11,Observation floraison automatique
MCB5432,2025-11-08,Observation floraison automatique
MCB7660,2025-09-12,Observation floraison automatique
MCC3527,2025-10-25,Observation floraison automatique
MCA4263,2025-08-03,Observation floraison automatique
MCB9339,2025-12-07,Observation floraison automatique
MCC9911,2025-06-14,Observation floraison automatique
MCC0144,2025-06-04,Observation floraison automatique
MCC2329,2025-08-11,Observation floraison automatique
MCC1035,2025-12-18,Observation floraison automatique
MCA3365,2025-07-05,Observation floraison automatique
MCB7815,2025-09-08,Observation floraison automatique
MCC7536,2025-07-10,Observation floraison automatique
MCC9013,2025-07-17,Observation floraison automatique
MCB6144,2025-11-02,Observation floraison automatique
MCC3879,2025-10-20,Observation floraison automatique
MCB5175,2025-11-15,Observation floraison automatique
MCB0416,2025-11-06,Observation floraison automatique
MCA2821,2025-12-22,Observation floraison automatique
MCB1198,2025-07-26,Observation floraison automatique
MCB2391,2025-08-27,Observation floraison automatique
MCC8306,2025-07-06,Observation floraison automatique
MCC8852,2025-06-28,Observation floraison automatique
MCB6447,2025-11-16,Observation floraison automatique
MCB6507,2025-12-21,Observation floraison automatique
MCA0970,2025-07-04,Observation floraison automatique
MCA9938,2025-09-03,Observation floraison automatique
MCC9070,2025-06-11,Observation floraison automatique
MCB5854,2025-06-28,Observation floraison automatique
MCA4152,2025-10-10,Observation floraison automatique
MCC9799,2025-11-19,Observation floraison automatique
MCA4653,2025-08-29,Observation floraison automatique
MCA8772,2025-08-31,Observation floraison automatique
MCB8574,2025-08-07,Observation floraison automatique
MCA7714,2025-10-29,Observation floraison automatique
MCC9826,2025-08-25,Observation floraison automatique
MCA5075,2025-08-02,Observation floraison automatique
MCA6096,2025-10-29,Observation floraison automatique
MCA5835,2025-12-26,Observation floraison automatique
MCA2685,2025-09-12,Observation floraison automatique
MCC3230,2025-08-03,Observation floraison automatique
MCA6162,2025-09-06,Observation floraison automatique
MCB1222,2025-09-19,Observation floraison automatique
MCB0689,2025-10-11,Observation floraison automatique
MCC6716,2025-08-05,Observation floraison automatique
MCB9726,2025-09-21,Observation floraison automatique
MCB8979,2025-06-19,Observation floraison automatique
MCB2568,2025-08-28,Observation floraison automatique
MCA0078,2025-06-05,Observation floraison automatique
MCA0237,2025-06-16,Observation floraison automatique
MCC2694,2025-09-14,Observation floraison automatique
MCB2045,2025-09-12,Observation floraison automatique
MCA3997,2025-08-21,Observation floraison automatique
MCB9415,2025-10-13,Observation floraison automatique
MCB9429,2025-07-09,Observation floraison automatique
MCA6186,2025-10-28,Observation floraison automatique
MCB9197,2025-11-17,Observation floraison automatique
MCA6589,2025-08-18,Observation floraison automatique
MCC7952,2025-09-25,Observation floraison automatique
MCA5626,2025-12-15,Observation floraison automatique
MCA1489,2025-07-18,Observation floraison automatique
MCA5867,2025-07-09,Observation floraison automatique
MCB7169,2025-10-04,Observation floraison automatique
MCC6378,2025-08-25,Observation floraison automatique
MCA7633,2025-08-30,Observation floraison automatique
MCB2407,2025-07-24,Observation floraison automatique
MCA3087,2025-10-03,Observation floraison automatique
MCA0607,2025-08-25,Observation floraison automatique
MCA8864,2025-07-18,Observation floraison automatique
MCB5547,2025-11-19,Observation floraison automatique
MCB0494,2025-07-08,Observation floraison automatique
MCC0961,2025-10-14,Observation floraison automatique
MCC7099,2025-12-25,Observation floraison automatique
MCA7919,2025-10-21,Observation floraison automatique
MCC6947,2025-10-01,Observation floraison automatique
MCB0331,2025-10-02,Observation floraison automatique
MCA1494,2025-10-07,Observation floraison automatique
MCC3781,2025-09-05,Observation floraison automatique
MCB0823,2025-08-08,Observation floraison automatique
MCC0278,2025-11-24,Observation floraison automatique
MCA5426,2025-06-16,Observation floraison automatique
MCA0476,2025-11-26,Observation floraison automatique
MCA2240,2025-11-28,Observation floraison automatique
MCB5333,2025-12-16,Observation floraison automatique
MCC5852,2025-12-28,Observation floraison automatique
MCC0071,2025-11-04,Observation floraison automatique
MCA4906,2025-11-18,Observation floraison automatique
MCC1834,2025-07-23,Observation floraison automatique
MCA3081,2025-12-11,Observation floraison automatique
MCC7455,2025-09-04,Observation floraison automatique
MCC6346,2025-10-24,Observation floraison automatique
MCC4881,2025-11-19,Observation floraison automatique
MCC8692,2025-08-20,Observation floraison automatique
MCA3086,2025-07-09,Observation floraison automatique
MCA9435,2025-07-02,Observation floraison automatique
MCB1375,2025-10-16,Observation floraison automatique
MCC6983,2025-07-12,Observation floraison automatique
MCC7096,2025-11-21,Observation floraison automatique
MCB1851,2025-12-23,Observation floraison automatique
MCC1044,2025-06-29,Observation floraison automatique
MCC1317,2025-08-30,Observation floraison automatique
MCA4410,2025-12-20,Observation floraison automatique
MCB2324,2025-09-20,Observation floraison automatique
MCA9719,2025-11-26,Observation floraison automatique
MCA7685,2025-11-27,Observation floraison automatique
MCC3867,2025-10-05,Observation floraison automatique
MCA4831,2025-12-02,Observation floraison automatique
MCB8030,2025-06-01,Observation floraison automatique
MCB0608,2025-10-02,Observation floraison automatique
MCB3899,2025-11-22,Observation floraison automatique
MCC1649,2025-10-05,Observation floraison automatique
MCC5876,2025-07-13,Observation floraison automatique
MCC4441,2025-11-01,Observation floraison automatique
MCA8635,2025-12-26,Observation floraison automatique
MCB2868,2025-10-11,Observation floraison automatique
MCC4937,2025-11-14,Observation floraison automatique
MCC2534,2025-09-25,Observation floraison automatique
MCC0429,2025-09-29,Observation floraison automatique
MCC5775,2025-12-06,Observation floraison automatique
MCC7637,2025-07-20,Observation floraison automatique
MCC2912,2025-12-04,Observation floraison automatique
MCB4670,2025-06-29,Observation floraison automatique
MCC7547,2025-09-11,Observation floraison automatique
MCA3178,2025-07-06,Observation floraison automatique
MCB1810,2025-10-01,Observation floraison automatique
MCA4466,2025-08-08,Observation floraison automatique
MCB7729,2025-12-25,Observation floraison automatique
MCC8993,2025-07-21,Observation floraison automatique
MCA5490,2025-09-08,Observation floraison automatique
MCA4479,2025-09-26,Observation floraison automatique
MCA5523,2025-11-30,Observation floraison automatique
MCC1292,2025-11-11,Observation floraison automatique
MCA2400,2025-09-17,Observation floraison automatique
MCC6419,2025-11-03,Observation floraison automatique
MCC3951,2025-07-23,Observation floraison automatique
MCB1985,2025-06-11,Observation floraison automatique
MCB5996,2025-07-20,Observation floraison automatique
MCC1021,2025-08-01,Observation floraison automatique
MCB1499,2025-12-17,Observation floraison automatique
MCC6906,2025-10-15,Observation floraison automatique
MCA3024,2025-10-31,Observation floraison automatique
MCB3424,2025-06-09,Observation floraison automatique
MCB4693,2025-11-17,Observation floraison automatique
MCB3090,2025-10-23,Observation floraison automatique
MCC4337,2025-08-02,Observation floraison automatique
MCC7730,2025-10-08,Observation floraison automatique
MCA2111,2025-10-21,Observation floraison automatique
MCC6596,2025-12-26,Observation floraison automatique
MCA6146,2025-06-11,Observation floraison automatique
MCC0283,2025-09-13,Observation floraison automatique
MCA5784,2025-07-16,Observation floraison automatique
MCC1872,2025-07-27,Observation floraison automatique
MCB3845,2025-09-14,Observation floraison automatique
MCB9629,2025-10-06,Observation floraison automatique
MCA5059,2025-07-03,Observation floraison automatique
MCB1632,2025-08-13,Observation floraison automatique
MCB7790,2025-08-19,Observation floraison automatique
MCC5758,2025-10-07,Observation floraison automatique
MCA2809,2025-06-23,Observation floraison automatique
MCB4878,2025-10-03,Observation floraison automatique
MCA0629,2025-10-04,Observation floraison automatique
MCC6499,2025-11-26,Observation floraison automatique
MCC6169,2025-11-11,Observation floraison automatique
MCB7823,2025-12-02,Observation floraison automatique
MCC2174,2025-08-12,Observation floraison automatique
MCA9206,2025-07-14,Observation floraison automatique
MCB3613,2025-10-27,Observation floraison automatique
MCB6890,2025-08-03,Observation floraison automatique
MCB3712,2025-10-05,Observation floraison automatique
MCB8944,2025-12-04,Observation floraison automatique
MCB9192,2025-07-05,Observation floraison automatique
MCB4423,2025-08-17,Observation floraison automatique
MCB5486,2025-10-09,Observation floraison automatique
MCC2563,2025-10-23,Observation floraison automatique
MCA8697,2025-07-05,Observation floraison automatique
MCC0734,2025-08-06,Observation floraison automatique
MCA2407,2025-11-30,Observation floraison automatique
MCC1481,2025-06-13,Observation floraison automatique
MCA0441,2025-10-14,Observation floraison automatique
MCB5615,2025-07-10,Observation floraison automatique
MCA8561,2025-11-03,Observation floraison automatique
MCB6966,2025-06-17,Observation floraison automatique
MCA0859,2025-11-10,Observation floraison automatique
MCB3060,2025-09-06,Observation floraison automatique
MCA3690,2025-09-16,Observation floraison automatique
MCC9248,2025-10-13,Observation floraison automatique
MCC2981,2025-07-26,Observation floraison automatique
MCB3031,2025-08-31,Observation floraison automatique
MCB2626,2025-09-30,Observation floraison automatique
MCA2045,2025-06-10,Observation floraison automatique
MCA9654,2025-10-07,Observation floraison automatique
MCA4617,2025-12-05,Observation floraison automatique
MCA9469,2025-12-25,Observation floraison automatique
MCC4606,2025-09-25,Observation floraison automatique
MCB2929,2025-10-04,Observation floraison automatique
MCA9689,2025-11-16,Observation floraison automatique
MCB9758,2025-08-21,Observation floraison automatique
MCC7880,2025-06-20,Observation floraison automatique
MCA8392,2025-09-15,Observation floraison automatique
MCA0323,2025-12-24,Observation floraison automatique
MCB6382,2025-07-24,Observation floraison automatique
MCA0332,2025-07-31,Observation floraison automatique
MCB4851,2025-12-12,Observation floraison automatique
MCB1003,2025-09-24,Observation floraison automatique
MCC0729,2025-09-07,Observation floraison automatique
MCB8060,2025-12-24,Observation floraison automatique
MCA4150,2025-08-07,Observation floraison automatique
MCB2249,2025-08-20,Observation floraison automatique
MCA5196,2025-08-14,Observation floraison automatique
MCC0973,2025-07-04,Observation floraison automatique
MCA3554,2025-12-12,Observation floraison automatique
MCA5911,2025-09-26,Observation floraison automatique
MCB2222,2025-12-05,Observation floraison automatique
MCA8848,2025-07-07,Observation floraison automatique
MCA3052,2025-09-25,Observation floraison automatique
MCA7457,2025-12-22,Observation floraison automatique
MCA2761,2025-08-06,Observation floraison automatique
MCB4225,2025-10-27,Observation floraison automatique
MCB0831,2025-10-12,Observation floraison automatique
MCB4247,2025-06-26,Observation floraison automatique
MCC9836,2025-11-17,Observation floraison automatique
MCB9458,2025-11-21,Observation floraison automatique
MCC6020,2025-09-01,Observation floraison automatique
MCB8910,2025-12-29,Observation floraison automatique
MCC9962,2025-10-23,Observation floraison automatique
MCA9827,2025-12-12,Observation floraison automatique
MCA0726,2025-09-06,Observation floraison automatique
MCA6362,2025-10-19,Observation floraison automatique
MCA2376,2025-07-05,Observation floraison automatique
MCC3012,2025-08-15,Observation floraison automatique
MCA8135,2025-07-16,Observation floraison automatique
MCB8022,2025-08-02,Observation floraison automatique
MCB0056,2025-06-17,Observation floraison automatique
MCC2567,2025-06-21,Observation floraison automatique
MCB2549,2025-08-19,Observation floraison automatique
MCB7837,2025-06-30,Observation floraison automatique
MCB8153,2025-10-05,Observation floraison automatique
MCB4505,2025-09-23,Observation floraison automatique
MCB5604,2025-08-05,Observation floraison automatique
MCA9545,2025-06-26,Observation floraison automatique
MCC0836,2025-09-12,Observation floraison automatique
MCC3240,2025-11-18,Observation floraison automatique
MCA5921,2025-10-11,Observation floraison automatique
MCA6321,2025-11-07,Observation floraison automatique
MCB2005,2025-07-26,Observation floraison automatique
MCC8272,2025-07-16,Observation floraison automatique
MCC9474,2025-09-10,Observation floraison automatique
MCB1337,2025-09-02,Observation floraison automatique
MCC3126,2025-09-05,Observation floraison automatique
MCC8557,2025-09-30,Observation floraison automatique
MCC0154,2025-07-13,Observation floraison automatique
MCA5627,2025-11-10,Observation floraison automatique
MCB1458,2025-08-28,Observation floraison automatique
MCA7292,2025-10-18,Observation floraison automatique
MCB0144,2025-09-24,Observation floraison automatique
MCB4191,2025-11-16,Observation floraison automatique
MCB6420,2025-07-08,Observation floraison automatique
MCC2776,2025-11-20,Observation floraison automatique
MCA4848,2025-07-12,Observation floraison automatique
MCA8641,2025-08-07,Observation floraison automatique
MCB5151,2025-08-27,Observation floraison automatique
MCA2025,2025-06-28,Observation floraison automatique
MCB9200,2025-06-30,Observation floraison automatique
MCB9552,2025-09-01,Observation floraison automatique
MCA6627,2025-10-30,Observation floraison automatique
MCA9395,2025-11-26,Observation floraison automatique
MCC0981,2025-11-04,Observation floraison automatique
MCB2610,2025-11-20,Observation floraison automatique
MCC6950,2025-09-16,Observation floraison automatique
MCA9406,2025-08-29,Observation floraison automatique
MCB3425,2025-06-12,Observation floraison automatique
MCB9342,2025-06-19,Observation floraison automatique
MCB0926,2025-11-11,Observation floraison automatique
MCC3670,2025-07-03,Observation floraison automatique
MCB6953,2025-12-23,Observation floraison automatique
MCC6235,2025-08-21,Observation floraison automatique
MCA3867,2025-06-21,Observation floraison automatique
MCB2468,2025-07-15,Observation floraison automatique
MCC2805,2025-06-29,Observation floraison automatique
MCA7034,2025-10-02,Observation floraison automatique
MCA5915,2025-10-28,Observation floraison automatique
MCA1736,2025-06-17,Observation floraison automatique
MCC6523,2025-07-15,Observation floraison automatique
MCA6147,2025-10-21,Observation floraison automatique
MCB3974,2025-11-25,Observation floraison automatique
MCC3706,2025-10-15,Observation floraison automatique
MCA4290,2025-06-09,Observation floraison automatique
MCC2782,2025-09-16,Observation floraison automatique
MCC1580,2025-08-23,Observation floraison automatique
MCC9066,2025-09-09,Observation floraison automatique
MCA8494,2025-06-25,Observation floraison automatique
MCC4020,2025-08-13,Observation floraison automatique
MCC6961,2025-12-05,Observation floraison automatique
MCB7806,2025-07-26,Observation floraison automatique
MCB1953,2025-10-11,Observation floraison automatique
MCC4168,2025-11-01,Observation floraison automatique
MCB5688,2025-06-29,Observation floraison automatique
MCC7411,2025-10-26,Observation floraison automatique
MCC8980,2025-07-20,Observation floraison automatique
MCB2427,2025-06-06,Observation floraison automatique
MCA3509,2025-10-02,Observation floraison automatique
MCC2940,2025-09-12,Observation floraison automatique
MCB1243,2025-07-10,Observation floraison automatique
MCC6161,2025-09-21,Observation floraison automatique
MCC4246,2025-12-20,Observation floraison automatique
MCC8192,2025-07-04,Observation floraison automatique
MCC3998,2025-10-06,Observation floraison automatique
MCA9291,2025-11-27,Observation floraison automatique
MCA2588,2025-11-28,Observation floraison automatique
MCA2433,2025-11-04,Observation floraison automatique
MCA2089,2025-09-05,Observation floraison automatique
MCC3885,2025-11-05,Observation floraison automatique
MCA5485,2025-07-06,Observation floraison automatique
MCA7310,2025-08-04,Observation floraison automatique
MCB1900,2025-09-28,Observation floraison automatique
MCA4841,2025-08-21,Observation floraison automatique
MCC9937,2025-12-05,Observation floraison automatique
MCC9404,2025-11-06,Observation floraison automatique
MCB7764,2025-09-29,Observation floraison automatique
MCC2161,2025-09-18,Observation floraison automatique
MCA6375,2025-07-27,Observation floraison automatique
MCB3279,2025-10-28,Observation floraison automatique
MCB2629,2025-11-30,Observation floraison automatique
MCC6207,2025-07-30,Observation floraison automatique
MCB0554,2025-11-26,Observation floraison automatique
MCC3554,2025-12-09,Observation floraison automatique
MCB5474,2025-06-10,Observation floraison automatique
MCB0177,2025-09-10,Observation floraison automatique
MCA7046,2025-10-23,Observation floraison automatique
MCC4703,2025-10-31,Observation floraison automatique
MCA0346,2025-12-17,Observation floraison automatique
MCC2821,2025-07-07,Observation floraison automatique
MCB6221,2025-10-14,Observation floraison automatique
MCB2854,2025-07-29,Observation floraison automatique
MCB6506,2025-11-29,Observation floraison automatique
MCB4956,2025-08-06,Observation floraison automatique
MCA7542,2025-10-03,Observation floraison automatique
MCB2897,2025-12-27,Observation floraison automatique
MCC0568,2025-09-18,Observation floraison automatique
MCC5431,2025-09-17,Observation floraison automatique
MCA7921,2025-09-02,Observation floraison automatique
MCB7171,2025-12-12,Observation floraison automatique
MCA4734,2025-06-27,Observation floraison automatique
MCA3046,2025-11-25,Observation floraison automatique
MCC0728,2025-06-15,Observation floraison automatique
MCB0381,2025-09-18,Observation floraison automatique
MCB2332,2025-08-05,Observation floraison automatique
MCC2842,2025-06-14,Observation floraison automatique
MCB7303,2025-11-17,Observation floraison automatique
MCB6858,2025-12-06,Observation floraison automatique
MCC9245,2025-09-19,Observation floraison automatique
MCA8424,2025-12-27,Observation floraison automatique
MCC6900,2025-09-21,Observation floraison automatique
MCA7850,2025-07-20,Observation floraison automatique
