id,date_identification,note
1001,2024-05-10,Plant observe en zone A
1002,2024-05-11,Plant observe en zone A
1004,2024-05-09,Plant observe en zone A
1005,2024-05-09,Plant observe en zone A
1006,2024-05-07,Plant observe en zone A
1007,2024-05-09,Plant observe en zone A
1010,2024-05-07,Plant observe en zone A
1011,2024-05-07,Plant observe en zone A
1012,2024-05-12,Plant observe en zone A
1014,2024-05-07,Plant observe en zone A
1015,2024-05-10,Plant observe en zone A
1016,2024-05-12,Plant observe en zone A
1017,2024-05-09,Plant observe en zone A
1018,2024-05-12,Plant observe en zone A
1019,2024-05-08,Plant observe en zone A
1020,2024-05-09,Plant observe en zone A
1021,2024-05-09,Plant observe en zone A
1022,2024-05-12,Plant observe en zone A
1023,2024-05-09,Plant observe en zone A
1024,2024-05-12,Plant observe en zone A
1025,2024-05-12,Plant observe en zone A
1026,2024-05-09,Plant observe en zone A
1027,2024-05-09,Plant observe en zone A
1028,2024-05-07,Plant observe en zone A
1030,2024-05-10,Plant observe en zone A
1031,2024-05-12,Plant observe en zone A
1033,2024-05-11,Plant observe en zone A
1037,2024-05-08,Plant observe en zone A
1038,2024-05-09,Plant observe en zone A
1040,2024-05-09,Plant observe en zone A
1042,2024-05-11,Plant observe en zone A
1043,2024-05-09,Plant observe en zone A
1044,2024-05-10,Plant observe en zone A
1045,2024-05-08,Plant observe en zone A
1046,2024-05-08,Plant observe en zone A
1047,2024-05-08,Plant observe en zone A
1048,2024-05-08,Plant observe en zone A
1050,2024-05-07,Plant observe en zone A
1051,2024-05-09,Plant observe en zone A
1052,2024-05-08,Plant observe en zone A
1053,2024-05-10,Plant observe en zone A
1055,2024-05-07,Plant observe en zone A
1058,2024-05-07,Plant observe en zone A
1060,2024-05-07,Plant observe en zone A
1061,2024-05-09,Plant observe en zone A
1064,2024-05-10,Plant observe en zone A
1065,2024-05-12,Plant observe en zone A
1066,2024-05-09,Plant observe en zone A
1067,2024-05-12,Plant observe en zone A
1070,2024-05-12,Plant observe en zone A
1071,2024-05-07,Plant observe en zone A
1072,2024-05-12,Plant observe en zone A
1073,2024-05-12,Plant observe en zone A
1074,2024-05-10,Plant observe en zone A
1075,2024-05-12,Plant observe en zone A
1077,2024-05-10,Plant observe en zone A
1078,2024-05-08,Plant observe en zone A
1079,2024-05-07,Plant observe en zone A
1080,2024-05-10,Plant observe en zone A
1081,2024-05-08,Plant observe en zone A
1082,2024-05-08,Plant observe en zone A
1084,2024-05-08,Plant observe en zone A
1085,2024-05-08,Plant observe en zone A
1086,2024-05-11,Plant observe en zone A
1087,2024-05-10,Plant observe en zone A
1088,2024-05-08,Plant observe en zone A
1089,2024-05-11,Plant observe en zone A
1090,2024-05-12,Plant observe en zone A
1091,2024-05-10,Plant observe en zone A
1092,2024-05-08,Plant observe en zone A
1093,2024-05-08,Plant observe en zone A
1094,2024-05-11,Plant observe en zone A
1095,2024-05-12,Plant observe en zone A
1096,2024-05-09,Plant observe en zone A
1097,2024-05-07,Plant observe en zone A
1098,2024-05-08,Plant observe en zone A
1099,2024-05-08,Plant observe en zone A
1100,2024-05-09,Plant observe en zone A
1101,2024-05-07,Plant observe en zone A
1102,2024-05-11,Plant observe en zone A
1103,2024-05-09,Plant observe en zone A
1104,2024-05-08,Plant observe en zone A
1105,2024-05-07,Plant observe en zone A
1108,2024-05-07,Plant observe en zone A
1109,2024-05-07,Plant observe en zone A
1111,2024-05-07,Plant observe en zone A
1112,2024-05-08,Plant observe en zone A
1114,2024-05-11,Plant observe en zone A
1116,2024-05-08,Plant observe en zone A
1117,2024-05-09,Plant observe en zone A
1118,2024-05-07,Plant observe en zone A
1119,2024-05-11,Plant observe en zone A
1120,2024-05-09,Plant observe en zone A
1121,2024-05-11,Plant observe en zone A
1123,2024-05-10,Plant observe en zone A
1124,2024-05-08,Plant observe en zone A
1126,2024-05-07,Plant observe en zone A
1127,2024-05-11,Plant observe en zone A
1128,2024-05-07,Plant observe en zone A
1131,2024-05-10,Plant observe en zone A
1132,2024-05-08,Plant observe en zone A
1134,2024-05-09,Plant observe en zone A
1136,2024-05-11,Plant observe en zone A
1137,2024-05-11,Plant observe en zone A
1138,2024-05-11,Plant observe en zone A
1139,2024-05-09,Plant observe en zone A
1140,2024-05-08,Plant observe en zone A
1141,2024-05-11,Plant observe en zone A
1142,2024-05-08,Plant observe en zone A
1144,2024-05-09,Plant observe en zone A
1145,2024-05-08,Plant observe en zone A
1146,2024-05-11,Plant observe en zone A
1148,2024-05-08,Plant observe en zone A
1149,2024-05-11,Plant observe en zone A
1151,2024-05-11,Plant observe en zone A
1152,2024-05-08,Plant observe en zone A
1153,2024-05-08,Plant observe en zone A
1154,2024-05-07,Plant observe en zone A
1155,2024-05-09,Plant observe en zone A
1157,2024-05-09,Plant observe en zone A
1160,2024-05-11,Plant observe en zone A
1161,2024-05-09,Plant observe en zone A
1163,2024-05-08,Plant observe en zone A
1164,2024-05-09,Plant observe en zone A
1165,2024-05-09,Plant observe en zone A
1166,2024-05-08,Plant observe en zone A
1170,2024-05-08,Plant observe en zone A
1171,2024-05-07,Plant observe en zone A
1173,2024-05-08,Plant observe en zone A
1174,2024-05-07,Plant observe en zone A
1175,2024-05-10,Plant observe en zone A
1176,2024-05-12,Plant observe en zone A
1178,2024-05-10,Plant observe en zone A
1180,2024-05-09,Plant observe en zone A
1181,2024-05-07,Plant observe en zone A
1183,2024-05-09,Plant observe en zone A
1184,2024-05-12,Plant observe en zone A
1185,2024-05-07,Plant observe en zone A
1187,2024-05-08,Plant observe en zone A
1190,2024-05-09,Plant observe en zone A
1191,2024-05-10,Plant observe en zone A
1193,2024-05-08,Plant observe en zone A
1194,2024-05-11,Plant observe en zone A
1195,2024-05-09,Plant observe en zone A
1196,2024-05-10,Plant observe en zone A
1197,2024-05-08,Plant observe en zone A
1199,2024-05-08,Plant observe en zone A
1200,2024-05-08,Plant observe en zone A
1201,2024-05-25,Plant observe en zone A
1202,2024-05-25,Plant observe en zone A
1203,2024-05-28,Plant observe en zone A
1204,2024-05-25,Plant observe en zone A
1205,2024-05-27,Plant observe en zone A
1206,2024-05-27,Plant observe en zone A
1207,2024-05-26,Plant observe en zone A
1208,2024-05-24,Plant observe en zone A
1209,2024-05-26,Plant observe en zone A
1210,2024-05-28,Plant observe en zone A
1211,2024-05-25,Plant observe en zone A
1212,2024-05-25,Plant observe en zone A
1214,2024-05-25,Plant observe en zone A
1215,2024-05-27,Plant observe en zone A
1216,2024-05-25,Plant observe en zone A
1217,2024-05-28,Plant observe en zone A
1218,2024-05-29,Plant observe en zone A
1219,2024-05-27,Plant observe en zone A
1220,2024-05-24,Plant observe en zone A
1223,2024-05-26,Plant observe en zone A
1224,2024-05-28,Plant observe en zone A
1225,2024-05-27,Plant observe en zone A
1226,2024-05-28,Plant observe en zone A
1228,2024-05-24,Plant observe en zone A
1229,2024-05-26,Plant observe en zone A
1230,2024-05-28,Plant observe en zone A
1231,2024-05-29,Plant observe en zone A
1232,2024-05-27,Plant observe en zone A
1235,2024-05-26,Plant observe en zone A
1237,2024-05-29,Plant observe en zone A
1239,2024-05-26,Plant observe en zone A
1240,2024-05-29,Plant observe en zone A
1241,2024-05-26,Plant observe en zone A
1242,2024-05-27,Plant observe en zone A
1243,2024-05-29,Plant observe en zone A
1244,2024-05-29,Plant observe en zone A
1245,2024-05-26,Plant observe en zone A
1247,2024-05-29,Plant observe en zone A
1248,2024-05-26,Plant observe en zone A
1250,2024-05-27,Plant observe en zone A
1251,2024-05-28,Plant observe en zone A
1252,2024-05-28,Plant observe en zone A
1253,2024-05-25,Plant observe en zone A
1254,2024-05-24,Plant observe en zone A
1255,2024-05-27,Plant observe en zone A
1257,2024-05-27,Plant observe en zone A
1260,2024-05-27,Plant observe en zone A
1261,2024-05-24,Plant observe en zone A
1265,2024-05-26,Plant observe en zone A
1266,2024-05-25,Plant observe en zone A
1267,2024-05-25,Plant observe en zone A
1268,2024-05-25,Plant observe en zone A
1270,2024-05-26,Plant observe en zone A
1272,2024-05-27,Plant observe en zone A
1273,2024-05-26,Plant observe en zone A
1274,2024-05-27,Plant observe en zone A
1275,2024-05-25,Plant observe en zone A
1276,2024-05-26,Plant observe en zone A
1277,2024-05-25,Plant observe en zone A
1278,2024-05-24,Plant observe en zone A
1280,2024-05-26,Plant observe en zone A
1281,2024-05-29,Plant observe en zone A
1282,2024-05-26,Plant observe en zone A
1283,2024-05-26,Plant observe en zone A
1284,2024-05-26,Plant observe en zone A
1285,2024-05-25,Plant observe en zone A
1286,2024-05-28,Plant observe en zone A
1288,2024-05-25,Plant observe en zone A
1289,2024-05-27,Plant observe en zone A
1290,2024-05-28,Plant observe en zone A
1291,2024-05-25,Plant observe en zone A
1292,2024-05-24,Plant observe en zone A
1293,2024-05-27,Plant observe en zone A
1294,2024-05-25,Plant observe en zone A
1295,2024-05-25,Plant observe en zone A
1296,2024-05-27,Plant observe en zone A
1297,2024-05-29,Plant observe en zone A
1298,2024-05-24,Plant observe en zone A
1299,2024-05-24,Plant observe en zone A
1300,2024-05-24,Plant observe en zone A
1301,2024-05-07,Plant observe en zone A
1302,2024-05-09,Plant observe en zone A
1304,2024-05-08,Plant observe en zone A
1305,2024-05-07,Plant observe en zone A
1307,2024-05-12,Plant observe en zone A
1308,2024-05-08,Plant observe en zone A
1310,2024-05-08,Plant observe en zone A
1311,2024-05-08,Plant observe en zone A
1312,2024-05-08,Plant observe en zone A
1313,2024-05-08,Plant observe en zone A
1316,2024-05-11,Plant observe en zone A
1317,2024-05-07,Plant observe en zone A
1320,2024-05-10,Plant observe en zone A
1321,2024-05-07,Plant observe en zone A
1322,2024-05-12,Plant observe en zone A
1323,2024-05-08,Plant observe en zone A
1324,2024-05-10,Plant observe en zone A
1325,2024-05-12,Plant observe en zone A
1326,2024-05-12,Plant observe en zone A
1327,2024-05-11,Plant observe en zone A
1328,2024-05-09,Plant observe en zone A
1330,2024-05-09,Plant observe en zone A
1331,2024-05-12,Plant observe en zone A
1333,2024-05-09,Plant observe en zone A
1334,2024-05-09,Plant observe en zone A
1335,2024-05-08,Plant observe en zone A
1336,2024-05-08,Plant observe en zone A
1337,2024-05-08,Plant observe en zone A
1338,2024-05-10,Plant observe en zone A
1339,2024-05-11,Plant observe en zone A
1340,2024-05-07,Plant observe en zone A
1342,2024-05-12,Plant observe en zone A
1343,2024-05-11,Plant observe en zone A
1344,2024-05-08,Plant observe en zone A
1345,2024-05-10,Plant observe en zone A
1346,2024-05-08,Plant observe en zone A
1348,2024-05-08,Plant observe en zone A
1349,2024-05-11,Plant observe en zone A
1350,2024-05-07,Plant observe en zone A
1351,2024-05-07,Plant observe en zone A
1352,2024-05-08,Plant observe en zone A
1353,2024-05-07,Plant observe en zone A
1354,2024-05-08,Plant observe en zone A
1355,2024-05-08,Plant observe en zone A
1356,2024-05-09,Plant observe en zone A
1357,2024-05-09,Plant observe en zone A
1358,2024-05-07,Plant observe en zone A
1359,2024-05-10,Plant observe en zone A
1360,2024-05-09,Plant observe en zone A
1361,2024-05-07,Plant observe en zone A
1362,2024-05-09,Plant observe en zone A
1363,2024-05-11,Plant observe en zone A
1367,2024-05-10,Plant observe en zone A
1368,2024-05-07,Plant observe en zone A
1369,2024-05-08,Plant observe en zone A
1370,2024-05-07,Plant observe en zone A
1371,2024-05-08,Plant observe en zone A
1372,2024-05-07,Plant observe en zone A
1373,2024-05-08,Plant observe en zone A
1374,2024-05-07,Plant observe en zone A
1375,2024-05-12,Plant observe en zone A
1376,2024-05-10,Plant observe en zone A
1377,2024-05-07,Plant observe en zone A
1380,2024-05-11,Plant observe en zone A
1381,2024-05-10,Plant observe en zone A
1382,2024-05-07,Plant observe en zone A
1383,2024-05-07,Plant observe en zone A
1384,2024-05-11,Plant observe en zone A
1386,2024-05-07,Plant observe en zone A
1387,2024-05-10,Plant observe en zone A
1388,2024-05-12,Plant observe en zone A
1390,2024-05-09,Plant observe en zone A
1391,2024-05-10,Plant observe en zone A
1392,2024-05-08,Plant observe en zone A
1393,2024-05-08,Plant observe en zone A
1394,2024-05-08,Plant observe en zone A
1395,2024-05-11,Plant observe en zone A
1396,2024-05-11,Plant observe en zone A
1397,2024-05-08,Plant observe en zone A
1398,2024-05-09,Plant observe en zone A
1400,2024-05-08,Plant observe en zone A
1401,2024-05-13,Plant observe en zone B
1402,2024-05-12,Plant observe en zone B
1403,2024-05-16,Plant observe en zone B
1405,2024-05-13,Plant observe en zone B
1409,2024-05-14,Plant observe en zone B
1411,2024-05-13,Plant observe en zone B
1412,2024-05-14,Plant observe en zone B
1414,2024-05-15,Plant observe en zone B
1415,2024-05-14,Plant observe en zone B
1416,2024-05-14,Plant observe en zone B
1417,2024-05-16,Plant observe en zone B
1418,2024-05-17,Plant observe en zone B
1420,2024-05-17,Plant observe en zone B
1421,2024-05-15,Plant observe en zone B
1422,2024-05-12,Plant observe en zone B
1423,2024-05-17,Plant observe en zone B
1425,2024-05-14,Plant observe en zone B
1426,2024-05-17,Plant observe en zone B
1428,2024-05-13,Plant observe en zone B
1429,2024-05-14,Plant observe en zone B
1430,2024-05-16,Plant observe en zone B
1433,2024-05-14,Plant observe en zone B
1434,2024-05-16,Plant observe en zone B
1435,2024-05-14,Plant observe en zone B
1436,2024-05-12,Plant observe en zone B
1438,2024-05-12,Plant observe en zone B
1439,2024-05-17,Plant observe en zone B
1440,2024-05-14,Plant observe en zone B
1441,2024-05-14,Plant observe en zone B
1442,2024-05-13,Plant observe en zone B
1443,2024-05-12,Plant observe en zone B
1444,2024-05-14,Plant observe en zone B
1445,2024-05-16,Plant observe en zone B
1446,2024-05-12,Plant observe en zone B
1448,2024-05-15,Plant observe en zone B
1450,2024-05-14,Plant observe en zone B
1451,2024-05-12,Plant observe en zone B
1452,2024-05-13,Plant observe en zone B
1453,2024-05-16,Plant observe en zone B
1454,2024-05-12,Plant observe en zone B
1455,2024-05-12,Plant observe en zone B
1456,2024-05-17,Plant observe en zone B
1457,2024-05-13,Plant observe en zone B
1458,2024-05-14,Plant observe en zone B
1460,2024-05-12,Plant observe en zone B
1461,2024-05-12,Plant observe en zone B
1462,2024-05-14,Plant observe en zone B
1463,2024-05-16,Plant observe en zone B
1464,2024-05-13,Plant observe en zone B
1465,2024-05-14,Plant observe en zone B
1467,2024-05-15,Plant observe en zone B
1468,2024-05-13,Plant observe en zone B
1469,2024-05-16,Plant observe en zone B
1471,2024-05-14,Plant observe en zone B
1472,2024-05-17,Plant observe en zone B
1473,2024-05-16,Plant observe en zone B
1474,2024-05-12,Plant observe en zone B
1475,2024-05-17,Plant observe en zone B
1477,2024-05-14,Plant observe en zone B
1478,2024-05-12,Plant observe en zone B
1479,2024-05-16,Plant observe en zone B
1480,2024-05-13,Plant observe en zone B
1481,2024-05-15,Plant observe en zone B
1482,2024-05-14,Plant observe en zone B
1483,2024-05-12,Plant observe en zone B
1484,2024-05-14,Plant observe en zone B
1486,2024-05-15,Plant observe en zone B
1488,2024-05-12,Plant observe en zone B
1489,2024-05-14,Plant observe en zone B
1490,2024-05-14,Plant observe en zone B
1491,2024-05-16,Plant observe en zone B
1493,2024-05-17,Plant observe en zone B
1495,2024-05-13,Plant observe en zone B
1496,2024-05-17,Plant observe en zone B
1497,2024-05-13,Plant observe en zone B
1502,2024-05-08,Plant observe en zone B
1503,2024-05-12,Plant observe en zone B
1504,2024-05-12,Plant observe en zone B
1505,2024-05-11,Plant observe en zone B
1506,2024-05-12,Plant observe en zone B
1507,2024-05-09,Plant observe en zone B
1510,2024-05-09,Plant observe en zone B
1512,2024-05-11,Plant observe en zone B
1514,2024-05-10,Plant observe en zone B
1515,2024-05-12,Plant observe en zone B
1516,2024-05-10,Plant observe en zone B
1517,2024-05-10,Plant observe en zone B
1518,2024-05-12,Plant observe en zone B
1519,2024-05-11,Plant observe en zone B
1523,2024-05-11,Plant observe en zone B
1524,2024-05-11,Plant observe en zone B
1526,2024-05-08,Plant observe en zone B
1528,2024-05-10,Plant observe en zone B
1529,2024-05-09,Plant observe en zone B
1530,2024-05-08,Plant observe en zone B
1531,2024-05-09,Plant observe en zone B
1532,2024-05-10,Plant observe en zone B
1533,2024-05-10,Plant observe en zone B
1534,2024-05-08,Plant observe en zone B
1535,2024-05-09,Plant observe en zone B
1536,2024-05-10,Plant observe en zone B
1538,2024-05-08,Plant observe en zone B
1539,2024-05-08,Plant observe en zone B
1541,2024-05-10,Plant observe en zone B
1542,2024-05-11,Plant observe en zone B
1543,2024-05-09,Plant observe en zone B
1545,2024-05-09,Plant observe en zone B
1547,2024-05-11,Plant observe en zone B
1548,2024-05-11,Plant observe en zone B
1549,2024-05-09,Plant observe en zone B
1551,2024-05-09,Plant observe en zone B
1552,2024-05-12,Plant observe en zone B
1553,2024-05-11,Plant observe en zone B
1554,2024-05-08,Plant observe en zone B
1555,2024-05-11,Plant observe en zone B
1557,2024-05-12,Plant observe en zone B
1558,2024-05-12,Plant observe en zone B
1559,2024-05-11,Plant observe en zone B
1560,2024-05-11,Plant observe en zone B
1561,2024-05-12,Plant observe en zone B
1563,2024-05-09,Plant observe en zone B
1564,2024-05-10,Plant observe en zone B
1567,2024-05-08,Plant observe en zone B
1569,2024-05-11,Plant observe en zone B
1571,2024-05-11,Plant observe en zone B
1573,2024-05-10,Plant observe en zone B
1574,2024-05-11,Plant observe en zone B
1575,2024-05-12,Plant observe en zone B
1577,2024-05-13,Plant observe en zone B
1578,2024-05-12,Plant observe en zone B
1579,2024-05-08,Plant observe en zone B
1582,2024-05-10,Plant observe en zone B
1583,2024-05-08,Plant observe en zone B
1587,2024-05-09,Plant observe en zone B
1588,2024-05-13,Plant observe en zone B
1589,2024-05-12,Plant observe en zone B
1590,2024-05-10,Plant observe en zone B
1592,2024-05-13,Plant observe en zone B
1593,2024-05-12,Plant observe en zone B
1595,2024-05-08,Plant observe en zone B
1598,2024-05-09,Plant observe en zone B
1599,2024-05-12,Plant observe en zone B
1600,2024-05-13,Plant observe en zone B
1601,2024-05-17,Plant observe en zone B
1602,2024-05-16,Plant observe en zone B
1603,2024-05-20,Plant observe en zone B
1604,2024-05-18,Plant observe en zone B
1605,2024-05-19,Plant observe en zone B
1606,2024-05-16,Plant observe en zone B
1607,2024-05-16,Plant observe en zone B
1608,2024-05-20,Plant observe en zone B
1609,2024-05-18,Plant observe en zone B
1611,2024-05-17,Plant observe en zone B
1612,2024-05-17,Plant observe en zone B
1613,2024-05-20,Plant observe en zone B
1614,2024-05-18,Plant observe en zone B
1615,2024-05-16,Plant observe en zone B
1616,2024-05-19,Plant observe en zone B
1617,2024-05-19,Plant observe en zone B
1618,2024-05-16,Plant observe en zone B
1619,2024-05-18,Plant observe en zone B
1620,2024-05-17,Plant observe en zone B
1621,2024-05-17,Plant observe en zone B
1622,2024-05-16,Plant observe en zone B
1623,2024-05-17,Plant observe en zone B
1624,2024-05-18,Plant observe en zone B
1625,2024-05-16,Plant observe en zone B
1626,2024-05-17,Plant observe en zone B
1627,2024-05-20,Plant observe en zone B
1628,2024-05-18,Plant observe en zone B
1630,2024-05-20,Plant observe en zone B
1632,2024-05-16,Plant observe en zone B
1634,2024-05-20,Plant observe en zone B
1637,2024-05-17,Plant observe en zone B
1639,2024-05-16,Plant observe en zone B
1640,2024-05-21,Plant observe en zone B
1642,2024-05-17,Plant observe en zone B
1644,2024-05-17,Plant observe en zone B
1645,2024-05-19,Plant observe en zone B
1646,2024-05-20,Plant observe en zone B
1648,2024-05-18,Plant observe en zone B
1649,2024-05-17,Plant observe en zone B
1651,2024-05-16,Plant observe en zone B
1652,2024-05-20,Plant observe en zone B
1653,2024-05-18,Plant observe en zone B
1654,2024-05-16,Plant observe en zone B
1657,2024-05-17,Plant observe en zone B
1658,2024-05-16,Plant observe en zone B
1660,2024-05-21,Plant observe en zone B
1661,2024-05-16,Plant observe en zone B
1662,2024-05-18,Plant observe en zone B
1663,2024-05-16,Plant observe en zone B
1665,2024-05-18,Plant observe en zone B
1666,2024-05-19,Plant observe en zone B
1667,2024-05-18,Plant observe en zone B
1668,2024-05-18,Plant observe en zone B
1669,2024-05-18,Plant observe en zone B
1670,2024-05-21,Plant observe en zone B
1671,2024-05-16,Plant observe en zone B
1672,2024-05-21,Plant observe en zone B
1673,2024-05-16,Plant observe en zone B
1674,2024-05-17,Plant observe en zone B
1676,2024-05-17,Plant observe en zone B
1677,2024-05-19,Plant observe en zone B
1678,2024-05-16,Plant observe en zone B
1679,2024-05-17,Plant observe en zone B
1681,2024-05-16,Plant observe en zone B
1682,2024-05-21,Plant observe en zone B
1683,2024-05-16,Plant observe en zone B
1684,2024-05-18,Plant observe en zone B
1685,2024-05-17,Plant observe en zone B
1686,2024-05-17,Plant observe en zone B
1687,2024-05-17,Plant observe en zone B
1688,2024-05-19,Plant observe en zone B
1689,2024-05-16,Plant observe en zone B
1691,2024-05-16,Plant observe en zone B
1692,2024-05-19,Plant observe en zone B
1693,2024-05-17,Plant observe en zone B
1694,2024-05-20,Plant observe en zone B
1695,2024-05-17,Plant observe en zone B
1696,2024-05-20,Plant observe en zone B
1697,2024-05-17,Plant observe en zone B
1698,2024-05-16,Plant observe en zone B
1700,2024-05-19,Plant observe en zone B
1701,2024-05-04,Plant observe en zone B
1703,2024-05-04,Plant observe en zone B
1704,2024-05-02,Plant observe en zone B
1705,2024-05-02,Plant observe en zone B
1706,2024-05-04,Plant observe en zone B
1707,2024-05-03,Plant observe en zone B
1709,2024-05-07,Plant observe en zone B
1710,2024-05-04,Plant observe en zone B
1713,2024-05-05,Plant observe en zone B
1714,2024-05-03,Plant observe en zone B
1715,2024-05-05,Plant observe en zone B
1716,2024-05-03,Plant observe en zone B
1717,2024-05-04,Plant observe en zone B
1718,2024-05-02,Plant observe en zone B
1720,2024-05-03,Plant observe en zone B
1721,2024-05-02,Plant observe en zone B
1722,2024-05-04,Plant observe en zone B
1723,2024-05-03,Plant observe en zone B
1724,2024-05-05,Plant observe en zone B
1725,2024-05-05,Plant observe en zone B
1726,2024-05-07,Plant observe en zone B
1727,2024-05-07,Plant observe en zone B
1728,2024-05-02,Plant observe en zone B
1729,2024-05-02,Plant observe en zone B
1730,2024-05-04,Plant observe en zone B
1731,2024-05-07,Plant observe en zone B
1734,2024-05-04,Plant observe en zone B
1735,2024-05-05,Plant observe en zone B
1736,2024-05-05,Plant observe en zone B
1737,2024-05-05,Plant observe en zone B
1740,2024-05-02,Plant observe en zone B
1741,2024-05-03,Plant observe en zone B
1743,2024-05-02,Plant observe en zone B
1744,2024-05-04,Plant observe en zone B
1745,2024-05-02,Plant observe en zone B
1747,2024-05-05,Plant observe en zone B
1748,2024-05-04,Plant observe en zone B
1749,2024-05-05,Plant observe en zone B
1750,2024-05-03,Plant observe en zone B
1751,2024-05-05,Plant observe en zone B
1752,2024-05-02,Plant observe en zone B
1753,2024-05-03,Plant observe en zone B
1756,2024-05-03,Plant observe en zone B
1758,2024-05-07,Plant observe en zone B
1759,2024-05-05,Plant observe en zone B
1761,2024-05-03,Plant observe en zone B
1762,2024-05-04,Plant observe en zone B
1765,2024-05-05,Plant observe en zone B
1766,2024-05-07,Plant observe en zone B
1767,2024-05-06,Plant observe en zone B
1768,2024-05-03,Plant observe en zone B
1771,2024-05-02,Plant observe en zone B
1772,2024-05-02,Plant observe en zone B
1775,2024-05-05,Plant observe en zone B
1776,2024-05-03,Plant observe en zone B
1779,2024-05-02,Plant observe en zone B
1780,2024-05-02,Plant observe en zone B
1781,2024-05-05,Plant observe en zone B
1783,2024-05-04,Plant observe en zone B
1785,2024-05-05,Plant observe en zone B
1786,2024-05-03,Plant observe en zone B
1787,2024-05-03,Plant observe en zone B
1788,2024-05-05,Plant observe en zone B
1789,2024-05-04,Plant observe en zone B
1790,2024-05-04,Plant observe en zone B
1791,2024-05-03,Plant observe en zone B
1792,2024-05-03,Plant observe en zone B
1793,2024-05-04,Plant observe en zone B
1797,2024-05-02,Plant observe en zone B
1799,2024-05-07,Plant observe en zone B
1800,2024-05-04,Plant observe en zone B
