placetteid,zoneid,siteid,dateobservation,hauteur,tauxfeuillu,tauxconifere,note
A1,Z01,S01,2017-05-15,1,22.25,13.33,Légère densité de sous-bois.
A1,Z01,S01,2017-05-15,2,36.85,40.82,Structure homogène.
A1,Z01,S01,2017-06-15,1,23.15,30.12,Légère densité de sous-bois.
A1,Z01,S01,2017-06-15,2,49.49,31.19,Conditions typiques du secteur.
A1,Z01,S01,2017-07-15,1,15.79,22.58,Conditions typiques du secteur.
A1,Z01,S01,2017-07-15,2,45.17,38.40,Légère densité de sous-bois.
A1,Z01,S01,2017-08-15,1,14.64,45.79,Légère densité de sous-bois.
A1,Z01,S01,2017-08-15,2,18.97,24.80,Structure homogène.
A1,Z01,S01,2017-09-15,1,38.81,15.69,Légère densité de sous-bois.
A1,Z01,S01,2017-09-15,2,24.75,47.01,Légère densité de sous-bois.
A1,Z01,S01,2017-10-15,1,34.65,38.35,Structure homogène.
A1,Z01,S01,2017-10-15,2,19.17,10.53,Légère densité de sous-bois.
A2,Z01,S01,2017-05-15,1,41.17,12.74,Conditions typiques du secteur.
A2,Z01,S01,2017-05-15,2,26.32,27.56,Légère densité de sous-bois.
A2,Z01,S01,2017-06-15,1,43.81,32.95,Légère densité de sous-bois.
A2,Z01,S01,2017-06-15,2,20.77,22.70,Légère densité de sous-bois.
A2,Z01,S01,2017-07-15,1,31.19,12.71,Conditions typiques du secteur.
A2,Z01,S01,2017-07-15,2,24.10,19.41,Légère densité de sous-bois.
A2,Z01,S01,2017-08-15,1,33.40,21.01,Structure homogène.
A2,Z01,S01,2017-08-15,2,26.60,22.73,Légère densité de sous-bois.
A2,Z01,S01,2017-09-15,1,29.35,12.24,Légère densité de sous-bois.
A2,Z01,S01,2017-09-15,2,44.31,30.76,Structure homogène.
A2,Z01,S01,2017-10-15,1,43.14,49.98,Légère densité de sous-bois.
A2,Z01,S01,2017-10-15,2,10.07,15.88,Légère densité de sous-bois.
A3,Z01,S01,2017-05-15,1,46.46,15.07,Conditions typiques du secteur.
A3,Z01,S01,2017-05-15,2,11.37,12.87,Légère densité de sous-bois.
A3,Z01,S01,2017-06-15,1,31.64,19.13,Conditions typiques du secteur.
A3,Z01,S01,2017-06-15,2,17.22,26.06,Légère densité de sous-bois.
A3,Z01,S01,2017-07-15,1,29.94,35.30,Légère densité de sous-bois.
A3,Z01,S01,2017-07-15,2,49.28,21.41,Conditions typiques du secteur.
A3,Z01,S01,2017-08-15,1,16.78,47.15,Conditions typiques du secteur.
A3,Z01,S01,2017-08-15,2,40.18,24.62,Légère densité de sous-bois.
A3,Z01,S01,2017-09-15,1,12.03,16.24,Légère densité de sous-bois.
A3,Z01,S01,2017-09-15,2,32.46,22.73,Conditions typiques du secteur.
A3,Z01,S01,2017-10-15,1,17.85,30.06,Conditions typiques du secteur.
A3,Z01,S01,2017-10-15,2,27.49,22.79,Légère densité de sous-bois.
A4,Z01,S01,2017-05-15,1,48.95,11.68,Structure homogène.
A4,Z01,S01,2017-05-15,2,42.91,28.84,Conditions typiques du secteur.
A4,Z01,S01,2017-06-15,1,40.85,45.42,Conditions typiques du secteur.
A4,Z01,S01,2017-06-15,2,32.29,47.54,Légère densité de sous-bois.
A4,Z01,S01,2017-07-15,1,15.70,49.56,Conditions typiques du secteur.
A4,Z01,S01,2017-07-15,2,34.67,26.17,Légère densité de sous-bois.
A4,Z01,S01,2017-08-15,1,20.96,30.21,Structure homogène.
A4,Z01,S01,2017-08-15,2,17.63,11.44,Légère densité de sous-bois.
A4,Z01,S01,2017-09-15,1,25.80,29.35,Légère densité de sous-bois.
A4,Z01,S01,2017-09-15,2,14.66,48.91,Légère densité de sous-bois.
A4,Z01,S01,2017-10-15,1,16.61,44.36,Conditions typiques du secteur.
A4,Z01,S01,2017-10-15,2,45.46,26.71,Conditions typiques du secteur.
B1,Z02,S01,2017-05-15,1,12.33,10.64,Légère densité de sous-bois.
B1,Z02,S01,2017-05-15,2,37.35,18.94,Conditions typiques du secteur.
B1,Z02,S01,2017-06-15,1,29.08,47.80,Légère densité de sous-bois.
B1,Z02,S01,2017-06-15,2,12.87,21.07,Légère densité de sous-bois.
B1,Z02,S01,2017-07-15,1,23.63,32.48,Légère densité de sous-bois.
B1,Z02,S01,2017-07-15,2,39.71,35.66,Légère densité de sous-bois.
B1,Z02,S01,2017-08-15,1,39.65,26.51,Conditions typiques du secteur.
B1,Z02,S01,2017-08-15,2,44.00,29.37,Conditions typiques du secteur.
B1,Z02,S01,2017-09-15,1,32.61,37.41,Légère densité de sous-bois.
B1,Z02,S01,2017-09-15,2,30.14,14.71,Légère densité de sous-bois.
B1,Z02,S01,2017-10-15,1,11.78,48.58,Conditions typiques du secteur.
B1,Z02,S01,2017-10-15,2,16.74,37.93,Légère densité de sous-bois.
B2,Z02,S01,2017-05-15,1,20.17,37.88,Légère densité de sous-bois.
B2,Z02,S01,2017-05-15,2,34.99,26.81,Légère densité de sous-bois.
B2,Z02,S01,2017-06-15,1,36.13,43.59,Légère densité de sous-bois.
B2,Z02,S01,2017-06-15,2,30.49,18.25,Légère densité de sous-bois.
B2,Z02,S01,2017-07-15,1,43.88,38.80,Légère densité de sous-bois.
B2,Z02,S01,2017-07-15,2,29.18,20.12,Conditions typiques du secteur.
B2,Z02,S01,2017-08-15,1,42.84,44.33,Structure homogène.
B2,Z02,S01,2017-08-15,2,44.32,41.29,Légère densité de sous-bois.
B2,Z02,S01,2017-09-15,1,37.41,32.79,Conditions typiques du secteur.
B2,Z02,S01,2017-09-15,2,47.12,21.21,Légère densité de sous-bois.
B2,Z02,S01,2017-10-15,1,22.84,14.69,Légère densité de sous-bois.
B2,Z02,S01,2017-10-15,2,10.66,22.75,Conditions typiques du secteur.
B3,Z02,S01,2017-05-15,1,24.65,47.60,Légère densité de sous-bois.
B3,Z02,S01,2017-05-15,2,28.76,27.66,Conditions typiques du secteur.
B3,Z02,S01,2017-06-15,1,49.01,44.33,Structure homogène.
B3,Z02,S01,2017-06-15,2,21.83,15.43,Légère densité de sous-bois.
B3,Z02,S01,2017-07-15,1,26.44,42.21,Structure homogène.
B3,Z02,S01,2017-07-15,2,15.53,40.94,Conditions typiques du secteur.
B3,Z02,S01,2017-08-15,1,22.37,10.20,Conditions typiques du secteur.
B3,Z02,S01,2017-08-15,2,19.84,33.01,Structure homogène.
B3,Z02,S01,2017-09-15,1,13.68,26.26,Légère densité de sous-bois.
B3,Z02,S01,2017-09-15,2,45.69,25.18,Conditions typiques du secteur.
B3,Z02,S01,2017-10-15,1,44.92,13.27,Structure homogène.
B3,Z02,S01,2017-10-15,2,28.34,25.63,Structure homogène.
B4,Z02,S01,2017-05-15,1,36.81,32.20,Conditions typiques du secteur.
B4,Z02,S01,2017-05-15,2,39.26,24.71,Légère densité de sous-bois.
B4,Z02,S01,2017-06-15,1,29.05,11.77,Structure homogène.
B4,Z02,S01,2017-06-15,2,45.44,19.26,Conditions typiques du secteur.
B4,Z02,S01,2017-07-15,1,36.54,37.04,Structure homogène.
B4,Z02,S01,2017-07-15,2,16.20,36.80,Légère densité de sous-bois.
B4,Z02,S01,2017-08-15,1,45.21,16.84,Légère densité de sous-bois.
B4,Z02,S01,2017-08-15,2,12.35,13.87,Structure homogène.
B4,Z02,S01,2017-09-15,1,31.14,14.73,Légère densité de sous-bois.
B4,Z02,S01,2017-09-15,2,33.03,32.82,Conditions typiques du secteur.
B4,Z02,S01,2017-10-15,1,28.15,24.30,Légère densité de sous-bois.
B4,Z02,S01,2017-10-15,2,36.22,11.98,Légère densité de sous-bois.
